-- MySQL dump 10.13  Distrib 5.5.38, for debian-linux-gnu (x86_64)
--
-- Host: localhost    Database: neutron
-- ------------------------------------------------------
-- Server version	5.5.38-0ubuntu0.12.04.1-log

/*!40101 SET @OLD_CHARACTER_SET_CLIENT=@@CHARACTER_SET_CLIENT */;
/*!40101 SET @OLD_CHARACTER_SET_RESULTS=@@CHARACTER_SET_RESULTS */;
/*!40101 SET @OLD_COLLATION_CONNECTION=@@COLLATION_CONNECTION */;
/*!40101 SET NAMES utf8 */;
/*!40103 SET @OLD_TIME_ZONE=@@TIME_ZONE */;
/*!40103 SET TIME_ZONE='+00:00' */;
/*!40014 SET @OLD_UNIQUE_CHECKS=@@UNIQUE_CHECKS, UNIQUE_CHECKS=0 */;
/*!40014 SET @OLD_FOREIGN_KEY_CHECKS=@@FOREIGN_KEY_CHECKS, FOREIGN_KEY_CHECKS=0 */;
/*!40101 SET @OLD_SQL_MODE=@@SQL_MODE, SQL_MODE='NO_AUTO_VALUE_ON_ZERO' */;
/*!40111 SET @OLD_SQL_NOTES=@@SQL_NOTES, SQL_NOTES=0 */;

--
-- Table structure for table `agents`
--

DROP TABLE IF EXISTS `agents`;
/*!40101 SET @saved_cs_client     = @@character_set_client */;
/*!40101 SET character_set_client = utf8 */;
CREATE TABLE `agents` (
  `id` varchar(36) NOT NULL,
  `agent_type` varchar(255) NOT NULL,
  `binary` varchar(255) NOT NULL,
  `topic` varchar(255) NOT NULL,
  `host` varchar(255) NOT NULL,
  `admin_state_up` tinyint(1) NOT NULL,
  `created_at` datetime NOT NULL,
  `started_at` datetime NOT NULL,
  `heartbeat_timestamp` datetime NOT NULL,
  `description` varchar(255) DEFAULT NULL,
  `configurations` varchar(4095) NOT NULL,
  PRIMARY KEY (`id`)
) ENGINE=InnoDB DEFAULT CHARSET=utf8;
/*!40101 SET character_set_client = @saved_cs_client */;

--
-- Dumping data for table `agents`
--

LOCK TABLES `agents` WRITE;
/*!40000 ALTER TABLE `agents` DISABLE KEYS */;
INSERT INTO `agents` VALUES ('0b257f1a-0fa3-43b0-90d3-17a3774ef5d6','DHCP agent','neutron-dhcp-agent','dhcp_agent','havana',1,'2014-09-12 08:29:22','2014-09-28 08:25:22','2014-09-28 16:15:33',NULL,'{\"subnets\": 4, \"use_namespaces\": true, \"dhcp_lease_duration\": 86400, \"dhcp_driver\": \"neutron.agent.linux.dhcp.Dnsmasq\", \"networks\": 4, \"ports\": 11}'),('582ae79b-55e4-4307-8556-096c59ff55fd','Open vSwitch agent','neutron-openvswitch-agent','N/A','cnode02',1,'2014-09-18 12:37:43','2014-09-19 11:43:16','2014-09-28 16:15:34',NULL,'{\"tunnel_types\": [], \"tunneling_ip\": \"\", \"bridge_mappings\": {\"physnet_hybrid\": \"br-hybrid\", \"physnet_guest\": \"br-private\"}, \"l2_population\": false, \"devices\": 1}'),('5b94dae0-56cd-44a5-96c8-97643baed116','L3 agent','neutron-l3-agent','l3_agent','havana',1,'2014-09-12 08:29:19','2014-09-28 08:25:24','2014-09-28 16:15:34',NULL,'{\"router_id\": \"\", \"gateway_external_network_id\": \"\", \"handle_internal_only_routers\": true, \"use_namespaces\": true, \"routers\": 4, \"interfaces\": 4, \"floating_ips\": 1, \"interface_driver\": \"neutron.agent.linux.interface.OVSInterfaceDriver\", \"ex_gw_ports\": 4}'),('f5e878e5-bd26-4c35-991c-f78726e0dc43','Open vSwitch agent','neutron-openvswitch-agent','N/A','havana',1,'2014-09-12 08:29:19','2014-09-28 08:25:22','2014-09-28 16:15:35',NULL,'{\"tunnel_types\": [], \"tunneling_ip\": \"\", \"bridge_mappings\": {\"physnet_hybrid\": \"br-hybrid\", \"physnet_guest\": \"br-private\", \"physnet_ext\": \"br-ex\"}, \"l2_population\": false, \"devices\": 77}');
/*!40000 ALTER TABLE `agents` ENABLE KEYS */;
UNLOCK TABLES;

--
-- Table structure for table `allowedaddresspairs`
--

DROP TABLE IF EXISTS `allowedaddresspairs`;
/*!40101 SET @saved_cs_client     = @@character_set_client */;
/*!40101 SET character_set_client = utf8 */;
CREATE TABLE `allowedaddresspairs` (
  `port_id` varchar(36) NOT NULL,
  `mac_address` varchar(32) NOT NULL,
  `ip_address` varchar(64) NOT NULL,
  PRIMARY KEY (`port_id`,`mac_address`,`ip_address`),
  CONSTRAINT `allowedaddresspairs_ibfk_1` FOREIGN KEY (`port_id`) REFERENCES `ports` (`id`) ON DELETE CASCADE
) ENGINE=InnoDB DEFAULT CHARSET=utf8;
/*!40101 SET character_set_client = @saved_cs_client */;

--
-- Dumping data for table `allowedaddresspairs`
--

LOCK TABLES `allowedaddresspairs` WRITE;
/*!40000 ALTER TABLE `allowedaddresspairs` DISABLE KEYS */;
/*!40000 ALTER TABLE `allowedaddresspairs` ENABLE KEYS */;
UNLOCK TABLES;

--
-- Table structure for table `dnsnameservers`
--

DROP TABLE IF EXISTS `dnsnameservers`;
/*!40101 SET @saved_cs_client     = @@character_set_client */;
/*!40101 SET character_set_client = utf8 */;
CREATE TABLE `dnsnameservers` (
  `address` varchar(128) NOT NULL,
  `subnet_id` varchar(36) NOT NULL,
  PRIMARY KEY (`address`,`subnet_id`),
  KEY `subnet_id` (`subnet_id`),
  CONSTRAINT `dnsnameservers_ibfk_1` FOREIGN KEY (`subnet_id`) REFERENCES `subnets` (`id`) ON DELETE CASCADE
) ENGINE=InnoDB DEFAULT CHARSET=utf8;
/*!40101 SET character_set_client = @saved_cs_client */;

--
-- Dumping data for table `dnsnameservers`
--

LOCK TABLES `dnsnameservers` WRITE;
/*!40000 ALTER TABLE `dnsnameservers` DISABLE KEYS */;
INSERT INTO `dnsnameservers` VALUES ('8.8.8.8','7cb3a53a-09d2-48bd-9051-dfa7fafe7adc'),('8.8.4.4','c5ec6d71-dd42-4838-8cbd-287d0d50a270'),('8.8.8.8','c5ec6d71-dd42-4838-8cbd-287d0d50a270');
/*!40000 ALTER TABLE `dnsnameservers` ENABLE KEYS */;
UNLOCK TABLES;

--
-- Table structure for table `externalnetworks`
--

DROP TABLE IF EXISTS `externalnetworks`;
/*!40101 SET @saved_cs_client     = @@character_set_client */;
/*!40101 SET character_set_client = utf8 */;
CREATE TABLE `externalnetworks` (
  `network_id` varchar(36) NOT NULL,
  PRIMARY KEY (`network_id`),
  CONSTRAINT `externalnetworks_ibfk_1` FOREIGN KEY (`network_id`) REFERENCES `networks` (`id`) ON DELETE CASCADE
) ENGINE=InnoDB DEFAULT CHARSET=utf8;
/*!40101 SET character_set_client = @saved_cs_client */;

--
-- Dumping data for table `externalnetworks`
--

LOCK TABLES `externalnetworks` WRITE;
/*!40000 ALTER TABLE `externalnetworks` DISABLE KEYS */;
INSERT INTO `externalnetworks` VALUES ('1182541b-eaf7-4791-8b1d-6c7378d4e97a');
/*!40000 ALTER TABLE `externalnetworks` ENABLE KEYS */;
UNLOCK TABLES;

--
-- Table structure for table `extradhcpopts`
--

DROP TABLE IF EXISTS `extradhcpopts`;
/*!40101 SET @saved_cs_client     = @@character_set_client */;
/*!40101 SET character_set_client = utf8 */;
CREATE TABLE `extradhcpopts` (
  `id` varchar(36) NOT NULL,
  `port_id` varchar(36) NOT NULL,
  `opt_name` varchar(64) NOT NULL,
  `opt_value` varchar(255) NOT NULL,
  PRIMARY KEY (`id`),
  UNIQUE KEY `uidx_portid_optname` (`port_id`,`opt_name`),
  CONSTRAINT `extradhcpopts_ibfk_1` FOREIGN KEY (`port_id`) REFERENCES `ports` (`id`) ON DELETE CASCADE
) ENGINE=InnoDB DEFAULT CHARSET=utf8;
/*!40101 SET character_set_client = @saved_cs_client */;

--
-- Dumping data for table `extradhcpopts`
--

LOCK TABLES `extradhcpopts` WRITE;
/*!40000 ALTER TABLE `extradhcpopts` DISABLE KEYS */;
/*!40000 ALTER TABLE `extradhcpopts` ENABLE KEYS */;
UNLOCK TABLES;

--
-- Table structure for table `floatingips`
--

DROP TABLE IF EXISTS `floatingips`;
/*!40101 SET @saved_cs_client     = @@character_set_client */;
/*!40101 SET character_set_client = utf8 */;
CREATE TABLE `floatingips` (
  `tenant_id` varchar(255) DEFAULT NULL,
  `id` varchar(36) NOT NULL,
  `floating_ip_address` varchar(64) NOT NULL,
  `floating_network_id` varchar(36) NOT NULL,
  `floating_port_id` varchar(36) NOT NULL,
  `fixed_port_id` varchar(36) DEFAULT NULL,
  `fixed_ip_address` varchar(64) DEFAULT NULL,
  `router_id` varchar(36) DEFAULT NULL,
  PRIMARY KEY (`id`),
  KEY `floating_port_id` (`floating_port_id`),
  KEY `fixed_port_id` (`fixed_port_id`),
  KEY `router_id` (`router_id`),
  CONSTRAINT `floatingips_ibfk_1` FOREIGN KEY (`floating_port_id`) REFERENCES `ports` (`id`),
  CONSTRAINT `floatingips_ibfk_2` FOREIGN KEY (`fixed_port_id`) REFERENCES `ports` (`id`),
  CONSTRAINT `floatingips_ibfk_3` FOREIGN KEY (`router_id`) REFERENCES `routers` (`id`)
) ENGINE=InnoDB DEFAULT CHARSET=utf8;
/*!40101 SET character_set_client = @saved_cs_client */;

--
-- Dumping data for table `floatingips`
--

LOCK TABLES `floatingips` WRITE;
/*!40000 ALTER TABLE `floatingips` DISABLE KEYS */;
INSERT INTO `floatingips` VALUES ('767bd7be3fd547e383ab3a3887d0de1b','40550615-3383-4b19-938a-c6f12d22543c','221.145.180.73','1182541b-eaf7-4791-8b1d-6c7378d4e97a','2a725418-37b1-43a2-af5d-ef376e13344b',NULL,NULL,NULL),('767bd7be3fd547e383ab3a3887d0de1b','4a5fa36e-030d-4f04-a2f5-bb98d0021420','221.145.180.72','1182541b-eaf7-4791-8b1d-6c7378d4e97a','5f3b3c1a-d144-4632-89e0-dafbc7b267d1',NULL,NULL,NULL),('767bd7be3fd547e383ab3a3887d0de1b','e73d6c5e-896f-4624-a131-5068035b1078','221.145.180.75','1182541b-eaf7-4791-8b1d-6c7378d4e97a','48b2d86f-0019-4f7e-b99f-3a342cc55c4b','71cc0ff6-2d53-4b75-9ec9-b7bcaec4fbee','177.86.0.112','50ae0f92-1c44-4ed5-8452-58d06b0da4e4');
/*!40000 ALTER TABLE `floatingips` ENABLE KEYS */;
UNLOCK TABLES;

--
-- Table structure for table `ipallocationpools`
--

DROP TABLE IF EXISTS `ipallocationpools`;
/*!40101 SET @saved_cs_client     = @@character_set_client */;
/*!40101 SET character_set_client = utf8 */;
CREATE TABLE `ipallocationpools` (
  `id` varchar(36) NOT NULL,
  `subnet_id` varchar(36) DEFAULT NULL,
  `first_ip` varchar(64) NOT NULL,
  `last_ip` varchar(64) NOT NULL,
  PRIMARY KEY (`id`),
  KEY `subnet_id` (`subnet_id`),
  CONSTRAINT `ipallocationpools_ibfk_1` FOREIGN KEY (`subnet_id`) REFERENCES `subnets` (`id`) ON DELETE CASCADE
) ENGINE=InnoDB DEFAULT CHARSET=utf8;
/*!40101 SET character_set_client = @saved_cs_client */;

--
-- Dumping data for table `ipallocationpools`
--

LOCK TABLES `ipallocationpools` WRITE;
/*!40000 ALTER TABLE `ipallocationpools` DISABLE KEYS */;
INSERT INTO `ipallocationpools` VALUES ('01a575c6-b1e8-4d4c-8f65-5407a5ec67a4','7cb3a53a-09d2-48bd-9051-dfa7fafe7adc','177.86.0.112','177.86.0.254'),('0bf6f885-34bb-49b9-8577-ab30b5b05ca5','16ef1091-b13f-48a8-b9c7-3a592d83141d','192.168.0.130','192.168.0.254'),('0ea5ff63-62f5-4d71-9f27-29fc64b1b352','c5ec6d71-dd42-4838-8cbd-287d0d50a270','221.145.180.71','221.145.180.85'),('1000a806-05fd-497f-9c3f-981a3e08c09a','4b14733d-7384-4c9e-b310-25200a0d11ee','221.145.180.96','221.145.180.99'),('272ba8c8-5710-41a2-83db-45544a6086e8','02b1e8fc-ae9f-4bf1-b4bd-e6eedbe191b6','10.10.10.2','10.10.10.254'),('4fbaf754-448c-4232-8251-ccdcc9c898c2','a0c797c5-7561-4afe-ab25-08b0fdaae6ba','192.168.0.1','192.168.0.230'),('80c88ee1-0627-439c-98c5-6d73c24bb5cd','0c069851-5112-42e2-81c8-65798f821d59','192.168.0.225','192.168.0.254'),('a2d6a2b2-5457-4268-83d3-22faeeb6f4ec','7cb3a53a-09d2-48bd-9051-dfa7fafe7adc','177.86.0.1','177.86.0.110'),('c1fc0e5f-1c12-4533-a9f1-e67caaa51da6','8a5223a3-c714-4b46-8e88-66777e4b1060','10.10.10.2','10.10.10.254'),('dccc0760-feec-46fa-b67b-5a06b9f2c70d','a5ca1206-6442-4341-b8fa-9e311be755e1','10.10.10.2','10.10.10.254'),('efa8564a-f998-4908-9008-99c09592c1a6','16b52585-4f45-4b4f-bc65-aef4d592b6c8','192.168.0.2','192.168.0.126');
/*!40000 ALTER TABLE `ipallocationpools` ENABLE KEYS */;
UNLOCK TABLES;

--
-- Table structure for table `ipallocations`
--

DROP TABLE IF EXISTS `ipallocations`;
/*!40101 SET @saved_cs_client     = @@character_set_client */;
/*!40101 SET character_set_client = utf8 */;
CREATE TABLE `ipallocations` (
  `port_id` varchar(36) DEFAULT NULL,
  `ip_address` varchar(64) NOT NULL,
  `subnet_id` varchar(36) NOT NULL,
  `network_id` varchar(36) NOT NULL,
  PRIMARY KEY (`ip_address`,`subnet_id`,`network_id`),
  KEY `port_id` (`port_id`),
  KEY `subnet_id` (`subnet_id`),
  KEY `network_id` (`network_id`),
  CONSTRAINT `ipallocations_ibfk_1` FOREIGN KEY (`port_id`) REFERENCES `ports` (`id`) ON DELETE CASCADE,
  CONSTRAINT `ipallocations_ibfk_2` FOREIGN KEY (`subnet_id`) REFERENCES `subnets` (`id`) ON DELETE CASCADE,
  CONSTRAINT `ipallocations_ibfk_3` FOREIGN KEY (`network_id`) REFERENCES `networks` (`id`) ON DELETE CASCADE
) ENGINE=InnoDB DEFAULT CHARSET=utf8;
/*!40101 SET character_set_client = @saved_cs_client */;

--
-- Dumping data for table `ipallocations`
--

LOCK TABLES `ipallocations` WRITE;
/*!40000 ALTER TABLE `ipallocations` DISABLE KEYS */;
INSERT INTO `ipallocations` VALUES ('02697538-056d-4de3-899a-40daedc0ecb7','221.145.180.96','4b14733d-7384-4c9e-b310-25200a0d11ee','cd0eee5d-a9a6-4e4a-bf13-35ff02bca831'),('0a6ae439-518a-4930-b23f-1490fff70274','177.86.0.113','7cb3a53a-09d2-48bd-9051-dfa7fafe7adc','7ef77432-45c5-46b4-b22a-5afda4a634fc'),('1381ab53-155c-4cc7-93fc-3dbacd27b793','192.168.0.1','a0c797c5-7561-4afe-ab25-08b0fdaae6ba','71939e64-ed97-4fda-b21c-4b6491d681cf'),('16dd87e8-9453-4fbd-994d-0ec9140bc4bb','10.10.10.2','02b1e8fc-ae9f-4bf1-b4bd-e6eedbe191b6','afd6ba0c-ff4c-43a1-b18d-393ccb93a7cc'),('18e8cf70-5799-4230-99bb-93ab24528130','192.168.0.232','0c069851-5112-42e2-81c8-65798f821d59','b2a3440f-2518-4022-9cf7-d99d8ad498dc'),('1f87d1d1-9427-4bc7-957c-52ea74fc587b','192.168.0.183','a0c797c5-7561-4afe-ab25-08b0fdaae6ba','71939e64-ed97-4fda-b21c-4b6491d681cf'),('204b217f-7f31-4764-810d-0f970419f1f8','192.168.0.130','16ef1091-b13f-48a8-b9c7-3a592d83141d','24aee268-b01b-47f5-b152-db59d0f15ba2'),('20b4bfff-9e87-444d-b107-173b47e83c13','192.168.0.152','a0c797c5-7561-4afe-ab25-08b0fdaae6ba','71939e64-ed97-4fda-b21c-4b6491d681cf'),('29aae7c5-f8c9-488e-b331-b0e06c3c65ac','10.10.10.4','02b1e8fc-ae9f-4bf1-b4bd-e6eedbe191b6','afd6ba0c-ff4c-43a1-b18d-393ccb93a7cc'),('2a725418-37b1-43a2-af5d-ef376e13344b','221.145.180.73','c5ec6d71-dd42-4838-8cbd-287d0d50a270','1182541b-eaf7-4791-8b1d-6c7378d4e97a'),('2bb53b78-614e-4f21-bd50-b1612f40e95b','221.145.180.76','c5ec6d71-dd42-4838-8cbd-287d0d50a270','1182541b-eaf7-4791-8b1d-6c7378d4e97a'),('324871e8-5613-4123-bcd2-ff8123e04e49','221.145.180.98','4b14733d-7384-4c9e-b310-25200a0d11ee','cd0eee5d-a9a6-4e4a-bf13-35ff02bca831'),('34517f5a-d112-4bfe-8688-4b20dce99c69','192.168.0.222','a0c797c5-7561-4afe-ab25-08b0fdaae6ba','71939e64-ed97-4fda-b21c-4b6491d681cf'),('48b2d86f-0019-4f7e-b99f-3a342cc55c4b','221.145.180.75','c5ec6d71-dd42-4838-8cbd-287d0d50a270','1182541b-eaf7-4791-8b1d-6c7378d4e97a'),('5f3b3c1a-d144-4632-89e0-dafbc7b267d1','221.145.180.72','c5ec6d71-dd42-4838-8cbd-287d0d50a270','1182541b-eaf7-4791-8b1d-6c7378d4e97a'),('6a3bb680-a4d4-45f1-9055-0c1b0c4e0ca7','192.168.0.191','a0c797c5-7561-4afe-ab25-08b0fdaae6ba','71939e64-ed97-4fda-b21c-4b6491d681cf'),('6a7b404d-abb7-4710-9ec3-fe996bce2e6e','192.168.0.53','a0c797c5-7561-4afe-ab25-08b0fdaae6ba','71939e64-ed97-4fda-b21c-4b6491d681cf'),('6bb43af8-5d8e-41ae-8865-f82d7d9ec53d','192.168.0.253','0c069851-5112-42e2-81c8-65798f821d59','b2a3440f-2518-4022-9cf7-d99d8ad498dc'),('71a08eed-7c22-4412-bab8-27810d731a36','192.168.0.227','0c069851-5112-42e2-81c8-65798f821d59','b2a3440f-2518-4022-9cf7-d99d8ad498dc'),('71cc0ff6-2d53-4b75-9ec9-b7bcaec4fbee','177.86.0.112','7cb3a53a-09d2-48bd-9051-dfa7fafe7adc','7ef77432-45c5-46b4-b22a-5afda4a634fc'),('765d9faf-ec1a-4cd5-adcc-4d60414f7690','192.168.0.3','16b52585-4f45-4b4f-bc65-aef4d592b6c8','8b0be953-e4b0-4397-af29-9a377b5330d1'),('7d0c2c95-3f0e-48dc-9173-9100579a1d4b','221.145.180.77','c5ec6d71-dd42-4838-8cbd-287d0d50a270','1182541b-eaf7-4791-8b1d-6c7378d4e97a'),('7f848742-6b8e-4d35-b0ff-3b8e93ef38c4','192.168.0.52','a0c797c5-7561-4afe-ab25-08b0fdaae6ba','71939e64-ed97-4fda-b21c-4b6491d681cf'),('8c185a21-bb99-47b3-ab53-cd98728a93a1','192.168.0.51','a0c797c5-7561-4afe-ab25-08b0fdaae6ba','71939e64-ed97-4fda-b21c-4b6491d681cf'),('9f519c4d-9376-4599-97af-5bbbef2eb4af','192.168.0.54','a0c797c5-7561-4afe-ab25-08b0fdaae6ba','71939e64-ed97-4fda-b21c-4b6491d681cf'),('b6a34a22-47ce-436c-80e0-1c06376d7a4a','177.86.0.111','7cb3a53a-09d2-48bd-9051-dfa7fafe7adc','7ef77432-45c5-46b4-b22a-5afda4a634fc'),('b9bf7f28-4279-4681-83e1-429ab939a47d','192.168.0.6','16b52585-4f45-4b4f-bc65-aef4d592b6c8','8b0be953-e4b0-4397-af29-9a377b5330d1'),('b9d99881-20f9-4df3-bdc9-dca618cf235c','10.10.10.1','a5ca1206-6442-4341-b8fa-9e311be755e1','d38007f0-7508-480c-bef6-94eb56fc995f'),('ba5a543b-9ada-4eef-a456-5ae5dbe550f7','10.10.10.2','8a5223a3-c714-4b46-8e88-66777e4b1060','491f736e-330a-44f7-afd8-ea75e38c938e'),('bc30d6a5-804d-4b08-8762-af039a567b39','221.145.180.78','c5ec6d71-dd42-4838-8cbd-287d0d50a270','1182541b-eaf7-4791-8b1d-6c7378d4e97a'),('c1b53078-f552-4120-98d6-928831e94454','10.10.10.1','02b1e8fc-ae9f-4bf1-b4bd-e6eedbe191b6','afd6ba0c-ff4c-43a1-b18d-393ccb93a7cc'),('c881907d-f5ab-4111-8c0a-79292dea5713','192.168.0.132','16ef1091-b13f-48a8-b9c7-3a592d83141d','24aee268-b01b-47f5-b152-db59d0f15ba2'),('cba99edf-2102-4e33-ace0-b9aad7f289b2','221.145.180.74','c5ec6d71-dd42-4838-8cbd-287d0d50a270','1182541b-eaf7-4791-8b1d-6c7378d4e97a'),('ce125d11-7cb1-4d06-bb23-72deb84d3df7','192.168.0.4','16b52585-4f45-4b4f-bc65-aef4d592b6c8','8b0be953-e4b0-4397-af29-9a377b5330d1'),('d4819df5-60ec-4f03-9084-8da6b4ac0659','192.168.0.131','16ef1091-b13f-48a8-b9c7-3a592d83141d','24aee268-b01b-47f5-b152-db59d0f15ba2'),('e2ae82a1-661b-4075-9cf6-345ae438954e','10.10.10.3','02b1e8fc-ae9f-4bf1-b4bd-e6eedbe191b6','afd6ba0c-ff4c-43a1-b18d-393ccb93a7cc'),('e9ac345f-5d45-4b51-b67b-dbd1bd83587c','221.145.180.99','4b14733d-7384-4c9e-b310-25200a0d11ee','cd0eee5d-a9a6-4e4a-bf13-35ff02bca831'),('f06e9463-044d-4dd7-a2c7-53ec611a0413','10.10.10.3','a5ca1206-6442-4341-b8fa-9e311be755e1','d38007f0-7508-480c-bef6-94eb56fc995f'),('f2b9613e-5394-4184-bebe-8913819f0d4c','10.10.10.1','8a5223a3-c714-4b46-8e88-66777e4b1060','491f736e-330a-44f7-afd8-ea75e38c938e'),('fcf2978d-ba94-4277-9b02-e97813b717c8','221.145.180.71','c5ec6d71-dd42-4838-8cbd-287d0d50a270','1182541b-eaf7-4791-8b1d-6c7378d4e97a');
/*!40000 ALTER TABLE `ipallocations` ENABLE KEYS */;
UNLOCK TABLES;

--
-- Table structure for table `ipavailabilityranges`
--

DROP TABLE IF EXISTS `ipavailabilityranges`;
/*!40101 SET @saved_cs_client     = @@character_set_client */;
/*!40101 SET character_set_client = utf8 */;
CREATE TABLE `ipavailabilityranges` (
  `allocation_pool_id` varchar(36) NOT NULL,
  `first_ip` varchar(64) NOT NULL,
  `last_ip` varchar(64) NOT NULL,
  PRIMARY KEY (`allocation_pool_id`,`first_ip`,`last_ip`),
  CONSTRAINT `ipavailabilityranges_ibfk_1` FOREIGN KEY (`allocation_pool_id`) REFERENCES `ipallocationpools` (`id`) ON DELETE CASCADE
) ENGINE=InnoDB DEFAULT CHARSET=utf8;
/*!40101 SET character_set_client = @saved_cs_client */;

--
-- Dumping data for table `ipavailabilityranges`
--

LOCK TABLES `ipavailabilityranges` WRITE;
/*!40000 ALTER TABLE `ipavailabilityranges` DISABLE KEYS */;
INSERT INTO `ipavailabilityranges` VALUES ('01a575c6-b1e8-4d4c-8f65-5407a5ec67a4','177.86.0.114','177.86.0.254'),('0bf6f885-34bb-49b9-8577-ab30b5b05ca5','192.168.0.133','192.168.0.254'),('0ea5ff63-62f5-4d71-9f27-29fc64b1b352','221.145.180.79','221.145.180.85'),('1000a806-05fd-497f-9c3f-981a3e08c09a','221.145.180.97','221.145.180.97'),('272ba8c8-5710-41a2-83db-45544a6086e8','10.10.10.5','10.10.10.254'),('4fbaf754-448c-4232-8251-ccdcc9c898c2','192.168.0.153','192.168.0.182'),('4fbaf754-448c-4232-8251-ccdcc9c898c2','192.168.0.184','192.168.0.190'),('4fbaf754-448c-4232-8251-ccdcc9c898c2','192.168.0.192','192.168.0.221'),('4fbaf754-448c-4232-8251-ccdcc9c898c2','192.168.0.2','192.168.0.50'),('4fbaf754-448c-4232-8251-ccdcc9c898c2','192.168.0.223','192.168.0.230'),('4fbaf754-448c-4232-8251-ccdcc9c898c2','192.168.0.55','192.168.0.151'),('80c88ee1-0627-439c-98c5-6d73c24bb5cd','192.168.0.225','192.168.0.226'),('80c88ee1-0627-439c-98c5-6d73c24bb5cd','192.168.0.228','192.168.0.231'),('80c88ee1-0627-439c-98c5-6d73c24bb5cd','192.168.0.233','192.168.0.252'),('80c88ee1-0627-439c-98c5-6d73c24bb5cd','192.168.0.254','192.168.0.254'),('a2d6a2b2-5457-4268-83d3-22faeeb6f4ec','177.86.0.1','177.86.0.110'),('c1fc0e5f-1c12-4533-a9f1-e67caaa51da6','10.10.10.3','10.10.10.254'),('dccc0760-feec-46fa-b67b-5a06b9f2c70d','10.10.10.2','10.10.10.2'),('dccc0760-feec-46fa-b67b-5a06b9f2c70d','10.10.10.4','10.10.10.254'),('efa8564a-f998-4908-9008-99c09592c1a6','192.168.0.2','192.168.0.2'),('efa8564a-f998-4908-9008-99c09592c1a6','192.168.0.5','192.168.0.5'),('efa8564a-f998-4908-9008-99c09592c1a6','192.168.0.7','192.168.0.126');
/*!40000 ALTER TABLE `ipavailabilityranges` ENABLE KEYS */;
UNLOCK TABLES;

--
-- Table structure for table `networkdhcpagentbindings`
--

DROP TABLE IF EXISTS `networkdhcpagentbindings`;
/*!40101 SET @saved_cs_client     = @@character_set_client */;
/*!40101 SET character_set_client = utf8 */;
CREATE TABLE `networkdhcpagentbindings` (
  `network_id` varchar(36) NOT NULL,
  `dhcp_agent_id` varchar(36) NOT NULL,
  PRIMARY KEY (`network_id`,`dhcp_agent_id`),
  KEY `dhcp_agent_id` (`dhcp_agent_id`),
  CONSTRAINT `networkdhcpagentbindings_ibfk_1` FOREIGN KEY (`network_id`) REFERENCES `networks` (`id`) ON DELETE CASCADE,
  CONSTRAINT `networkdhcpagentbindings_ibfk_2` FOREIGN KEY (`dhcp_agent_id`) REFERENCES `agents` (`id`) ON DELETE CASCADE
) ENGINE=InnoDB DEFAULT CHARSET=utf8;
/*!40101 SET character_set_client = @saved_cs_client */;

--
-- Dumping data for table `networkdhcpagentbindings`
--

LOCK TABLES `networkdhcpagentbindings` WRITE;
/*!40000 ALTER TABLE `networkdhcpagentbindings` DISABLE KEYS */;
INSERT INTO `networkdhcpagentbindings` VALUES ('1182541b-eaf7-4791-8b1d-6c7378d4e97a','0b257f1a-0fa3-43b0-90d3-17a3774ef5d6'),('24aee268-b01b-47f5-b152-db59d0f15ba2','0b257f1a-0fa3-43b0-90d3-17a3774ef5d6'),('491f736e-330a-44f7-afd8-ea75e38c938e','0b257f1a-0fa3-43b0-90d3-17a3774ef5d6'),('71939e64-ed97-4fda-b21c-4b6491d681cf','0b257f1a-0fa3-43b0-90d3-17a3774ef5d6'),('7ef77432-45c5-46b4-b22a-5afda4a634fc','0b257f1a-0fa3-43b0-90d3-17a3774ef5d6'),('8b0be953-e4b0-4397-af29-9a377b5330d1','0b257f1a-0fa3-43b0-90d3-17a3774ef5d6'),('afd6ba0c-ff4c-43a1-b18d-393ccb93a7cc','0b257f1a-0fa3-43b0-90d3-17a3774ef5d6'),('b2a3440f-2518-4022-9cf7-d99d8ad498dc','0b257f1a-0fa3-43b0-90d3-17a3774ef5d6'),('cd0eee5d-a9a6-4e4a-bf13-35ff02bca831','0b257f1a-0fa3-43b0-90d3-17a3774ef5d6'),('d38007f0-7508-480c-bef6-94eb56fc995f','0b257f1a-0fa3-43b0-90d3-17a3774ef5d6');
/*!40000 ALTER TABLE `networkdhcpagentbindings` ENABLE KEYS */;
UNLOCK TABLES;

--
-- Table structure for table `networks`
--

DROP TABLE IF EXISTS `networks`;
/*!40101 SET @saved_cs_client     = @@character_set_client */;
/*!40101 SET character_set_client = utf8 */;
CREATE TABLE `networks` (
  `tenant_id` varchar(255) DEFAULT NULL,
  `id` varchar(36) NOT NULL,
  `name` varchar(255) DEFAULT NULL,
  `status` varchar(16) DEFAULT NULL,
  `admin_state_up` tinyint(1) DEFAULT NULL,
  `shared` tinyint(1) DEFAULT NULL,
  PRIMARY KEY (`id`)
) ENGINE=InnoDB DEFAULT CHARSET=utf8;
/*!40101 SET character_set_client = @saved_cs_client */;

--
-- Dumping data for table `networks`
--

LOCK TABLES `networks` WRITE;
/*!40000 ALTER TABLE `networks` DISABLE KEYS */;
INSERT INTO `networks` VALUES ('767bd7be3fd547e383ab3a3887d0de1b','1182541b-eaf7-4791-8b1d-6c7378d4e97a','public_net','ACTIVE',1,1),('767bd7be3fd547e383ab3a3887d0de1b','24aee268-b01b-47f5-b152-db59d0f15ba2','orange_vlan1_net','ACTIVE',1,0),('767bd7be3fd547e383ab3a3887d0de1b','491f736e-330a-44f7-afd8-ea75e38c938e','guest_network','ACTIVE',1,0),('767bd7be3fd547e383ab3a3887d0de1b','71939e64-ed97-4fda-b21c-4b6491d681cf','gnet','ACTIVE',1,0),('767bd7be3fd547e383ab3a3887d0de1b','7ef77432-45c5-46b4-b22a-5afda4a634fc','cloudify-manager-Cloudify-Management-Network','ACTIVE',1,0),('767bd7be3fd547e383ab3a3887d0de1b','8b0be953-e4b0-4397-af29-9a377b5330d1','green_vlan1_net','ACTIVE',1,0),('1b9d71a0af9240ecbab50e4be2f688df','afd6ba0c-ff4c-43a1-b18d-393ccb93a7cc','forbiz_private_network','ACTIVE',1,0),('767bd7be3fd547e383ab3a3887d0de1b','b2a3440f-2518-4022-9cf7-d99d8ad498dc','onet','ACTIVE',1,0),('767bd7be3fd547e383ab3a3887d0de1b','cd0eee5d-a9a6-4e4a-bf13-35ff02bca831','red_shared_public_net','ACTIVE',1,1),('767bd7be3fd547e383ab3a3887d0de1b','d38007f0-7508-480c-bef6-94eb56fc995f','private_network','ACTIVE',1,0);
/*!40000 ALTER TABLE `networks` ENABLE KEYS */;
UNLOCK TABLES;

--
-- Table structure for table `ovs_network_bindings`
--

DROP TABLE IF EXISTS `ovs_network_bindings`;
/*!40101 SET @saved_cs_client     = @@character_set_client */;
/*!40101 SET character_set_client = utf8 */;
CREATE TABLE `ovs_network_bindings` (
  `network_id` varchar(36) NOT NULL,
  `network_type` varchar(32) NOT NULL,
  `physical_network` varchar(64) DEFAULT NULL,
  `segmentation_id` int(11) DEFAULT NULL,
  PRIMARY KEY (`network_id`),
  CONSTRAINT `ovs_network_bindings_ibfk_1` FOREIGN KEY (`network_id`) REFERENCES `networks` (`id`) ON DELETE CASCADE
) ENGINE=InnoDB DEFAULT CHARSET=utf8;
/*!40101 SET character_set_client = @saved_cs_client */;

--
-- Dumping data for table `ovs_network_bindings`
--

LOCK TABLES `ovs_network_bindings` WRITE;
/*!40000 ALTER TABLE `ovs_network_bindings` DISABLE KEYS */;
INSERT INTO `ovs_network_bindings` VALUES ('1182541b-eaf7-4791-8b1d-6c7378d4e97a','vlan','physnet_ext',5),('24aee268-b01b-47f5-b152-db59d0f15ba2','vlan','physnet_hybrid',10),('491f736e-330a-44f7-afd8-ea75e38c938e','vlan','physnet_guest',2003),('71939e64-ed97-4fda-b21c-4b6491d681cf','vlan','physnet_hybrid',110),('7ef77432-45c5-46b4-b22a-5afda4a634fc','vlan','physnet_guest',2002),('8b0be953-e4b0-4397-af29-9a377b5330d1','vlan','physnet_hybrid',11),('afd6ba0c-ff4c-43a1-b18d-393ccb93a7cc','vlan','physnet_guest',2004),('b2a3440f-2518-4022-9cf7-d99d8ad498dc','vlan','physnet_hybrid',100),('cd0eee5d-a9a6-4e4a-bf13-35ff02bca831','vlan','physnet_hybrid',2000),('d38007f0-7508-480c-bef6-94eb56fc995f','vlan','physnet_guest',2001);
/*!40000 ALTER TABLE `ovs_network_bindings` ENABLE KEYS */;
UNLOCK TABLES;

--
-- Table structure for table `ovs_tunnel_allocations`
--

DROP TABLE IF EXISTS `ovs_tunnel_allocations`;
/*!40101 SET @saved_cs_client     = @@character_set_client */;
/*!40101 SET character_set_client = utf8 */;
CREATE TABLE `ovs_tunnel_allocations` (
  `tunnel_id` int(11) NOT NULL,
  `allocated` tinyint(1) NOT NULL,
  PRIMARY KEY (`tunnel_id`)
) ENGINE=InnoDB DEFAULT CHARSET=utf8;
/*!40101 SET character_set_client = @saved_cs_client */;

--
-- Dumping data for table `ovs_tunnel_allocations`
--

LOCK TABLES `ovs_tunnel_allocations` WRITE;
/*!40000 ALTER TABLE `ovs_tunnel_allocations` DISABLE KEYS */;
/*!40000 ALTER TABLE `ovs_tunnel_allocations` ENABLE KEYS */;
UNLOCK TABLES;

--
-- Table structure for table `ovs_tunnel_endpoints`
--

DROP TABLE IF EXISTS `ovs_tunnel_endpoints`;
/*!40101 SET @saved_cs_client     = @@character_set_client */;
/*!40101 SET character_set_client = utf8 */;
CREATE TABLE `ovs_tunnel_endpoints` (
  `ip_address` varchar(64) NOT NULL,
  `id` int(11) NOT NULL,
  PRIMARY KEY (`ip_address`),
  UNIQUE KEY `uniq_ovs_tunnel_endpoints0id` (`id`)
) ENGINE=InnoDB DEFAULT CHARSET=utf8;
/*!40101 SET character_set_client = @saved_cs_client */;

--
-- Dumping data for table `ovs_tunnel_endpoints`
--

LOCK TABLES `ovs_tunnel_endpoints` WRITE;
/*!40000 ALTER TABLE `ovs_tunnel_endpoints` DISABLE KEYS */;
/*!40000 ALTER TABLE `ovs_tunnel_endpoints` ENABLE KEYS */;
UNLOCK TABLES;

--
-- Table structure for table `ovs_vlan_allocations`
--

DROP TABLE IF EXISTS `ovs_vlan_allocations`;
/*!40101 SET @saved_cs_client     = @@character_set_client */;
/*!40101 SET character_set_client = utf8 */;
CREATE TABLE `ovs_vlan_allocations` (
  `physical_network` varchar(64) NOT NULL,
  `vlan_id` int(11) NOT NULL,
  `allocated` tinyint(1) NOT NULL,
  PRIMARY KEY (`physical_network`,`vlan_id`)
) ENGINE=InnoDB DEFAULT CHARSET=utf8;
/*!40101 SET character_set_client = @saved_cs_client */;

--
-- Dumping data for table `ovs_vlan_allocations`
--

LOCK TABLES `ovs_vlan_allocations` WRITE;
/*!40000 ALTER TABLE `ovs_vlan_allocations` DISABLE KEYS */;
INSERT INTO `ovs_vlan_allocations` VALUES ('physnet_ext',5,1),('physnet_guest',2001,1),('physnet_guest',2002,1),('physnet_guest',2003,1),('physnet_guest',2004,1),('physnet_guest',2005,0),('physnet_guest',2006,0),('physnet_guest',2007,0),('physnet_guest',2008,0),('physnet_guest',2009,0),('physnet_guest',2010,0),('physnet_guest',2011,0),('physnet_guest',2012,0),('physnet_guest',2013,0),('physnet_guest',2014,0),('physnet_guest',2015,0),('physnet_guest',2016,0),('physnet_guest',2017,0),('physnet_guest',2018,0),('physnet_guest',2019,0),('physnet_guest',2020,0),('physnet_guest',2021,0),('physnet_guest',2022,0),('physnet_guest',2023,0),('physnet_guest',2024,0),('physnet_guest',2025,0),('physnet_guest',2026,0),('physnet_guest',2027,0),('physnet_guest',2028,0),('physnet_guest',2029,0),('physnet_guest',2030,0),('physnet_guest',2031,0),('physnet_guest',2032,0),('physnet_guest',2033,0),('physnet_guest',2034,0),('physnet_guest',2035,0),('physnet_guest',2036,0),('physnet_guest',2037,0),('physnet_guest',2038,0),('physnet_guest',2039,0),('physnet_guest',2040,0),('physnet_guest',2041,0),('physnet_guest',2042,0),('physnet_guest',2043,0),('physnet_guest',2044,0),('physnet_guest',2045,0),('physnet_guest',2046,0),('physnet_guest',2047,0),('physnet_guest',2048,0),('physnet_guest',2049,0),('physnet_guest',2050,0),('physnet_guest',2051,0),('physnet_guest',2052,0),('physnet_guest',2053,0),('physnet_guest',2054,0),('physnet_guest',2055,0),('physnet_guest',2056,0),('physnet_guest',2057,0),('physnet_guest',2058,0),('physnet_guest',2059,0),('physnet_guest',2060,0),('physnet_guest',2061,0),('physnet_guest',2062,0),('physnet_guest',2063,0),('physnet_guest',2064,0),('physnet_guest',2065,0),('physnet_guest',2066,0),('physnet_guest',2067,0),('physnet_guest',2068,0),('physnet_guest',2069,0),('physnet_guest',2070,0),('physnet_guest',2071,0),('physnet_guest',2072,0),('physnet_guest',2073,0),('physnet_guest',2074,0),('physnet_guest',2075,0),('physnet_guest',2076,0),('physnet_guest',2077,0),('physnet_guest',2078,0),('physnet_guest',2079,0),('physnet_guest',2080,0),('physnet_guest',2081,0),('physnet_guest',2082,0),('physnet_guest',2083,0),('physnet_guest',2084,0),('physnet_guest',2085,0),('physnet_guest',2086,0),('physnet_guest',2087,0),('physnet_guest',2088,0),('physnet_guest',2089,0),('physnet_guest',2090,0),('physnet_guest',2091,0),('physnet_guest',2092,0),('physnet_guest',2093,0),('physnet_guest',2094,0),('physnet_guest',2095,0),('physnet_guest',2096,0),('physnet_guest',2097,0),('physnet_guest',2098,0),('physnet_guest',2099,0),('physnet_guest',2100,0),('physnet_guest',2101,0),('physnet_guest',2102,0),('physnet_guest',2103,0),('physnet_guest',2104,0),('physnet_guest',2105,0),('physnet_guest',2106,0),('physnet_guest',2107,0),('physnet_guest',2108,0),('physnet_guest',2109,0),('physnet_guest',2110,0),('physnet_guest',2111,0),('physnet_guest',2112,0),('physnet_guest',2113,0),('physnet_guest',2114,0),('physnet_guest',2115,0),('physnet_guest',2116,0),('physnet_guest',2117,0),('physnet_guest',2118,0),('physnet_guest',2119,0),('physnet_guest',2120,0),('physnet_guest',2121,0),('physnet_guest',2122,0),('physnet_guest',2123,0),('physnet_guest',2124,0),('physnet_guest',2125,0),('physnet_guest',2126,0),('physnet_guest',2127,0),('physnet_guest',2128,0),('physnet_guest',2129,0),('physnet_guest',2130,0),('physnet_guest',2131,0),('physnet_guest',2132,0),('physnet_guest',2133,0),('physnet_guest',2134,0),('physnet_guest',2135,0),('physnet_guest',2136,0),('physnet_guest',2137,0),('physnet_guest',2138,0),('physnet_guest',2139,0),('physnet_guest',2140,0),('physnet_guest',2141,0),('physnet_guest',2142,0),('physnet_guest',2143,0),('physnet_guest',2144,0),('physnet_guest',2145,0),('physnet_guest',2146,0),('physnet_guest',2147,0),('physnet_guest',2148,0),('physnet_guest',2149,0),('physnet_guest',2150,0),('physnet_guest',2151,0),('physnet_guest',2152,0),('physnet_guest',2153,0),('physnet_guest',2154,0),('physnet_guest',2155,0),('physnet_guest',2156,0),('physnet_guest',2157,0),('physnet_guest',2158,0),('physnet_guest',2159,0),('physnet_guest',2160,0),('physnet_guest',2161,0),('physnet_guest',2162,0),('physnet_guest',2163,0),('physnet_guest',2164,0),('physnet_guest',2165,0),('physnet_guest',2166,0),('physnet_guest',2167,0),('physnet_guest',2168,0),('physnet_guest',2169,0),('physnet_guest',2170,0),('physnet_guest',2171,0),('physnet_guest',2172,0),('physnet_guest',2173,0),('physnet_guest',2174,0),('physnet_guest',2175,0),('physnet_guest',2176,0),('physnet_guest',2177,0),('physnet_guest',2178,0),('physnet_guest',2179,0),('physnet_guest',2180,0),('physnet_guest',2181,0),('physnet_guest',2182,0),('physnet_guest',2183,0),('physnet_guest',2184,0),('physnet_guest',2185,0),('physnet_guest',2186,0),('physnet_guest',2187,0),('physnet_guest',2188,0),('physnet_guest',2189,0),('physnet_guest',2190,0),('physnet_guest',2191,0),('physnet_guest',2192,0),('physnet_guest',2193,0),('physnet_guest',2194,0),('physnet_guest',2195,0),('physnet_guest',2196,0),('physnet_guest',2197,0),('physnet_guest',2198,0),('physnet_guest',2199,0),('physnet_guest',2200,0),('physnet_guest',2201,0),('physnet_guest',2202,0),('physnet_guest',2203,0),('physnet_guest',2204,0),('physnet_guest',2205,0),('physnet_guest',2206,0),('physnet_guest',2207,0),('physnet_guest',2208,0),('physnet_guest',2209,0),('physnet_guest',2210,0),('physnet_guest',2211,0),('physnet_guest',2212,0),('physnet_guest',2213,0),('physnet_guest',2214,0),('physnet_guest',2215,0),('physnet_guest',2216,0),('physnet_guest',2217,0),('physnet_guest',2218,0),('physnet_guest',2219,0),('physnet_guest',2220,0),('physnet_guest',2221,0),('physnet_guest',2222,0),('physnet_guest',2223,0),('physnet_guest',2224,0),('physnet_guest',2225,0),('physnet_guest',2226,0),('physnet_guest',2227,0),('physnet_guest',2228,0),('physnet_guest',2229,0),('physnet_guest',2230,0),('physnet_guest',2231,0),('physnet_guest',2232,0),('physnet_guest',2233,0),('physnet_guest',2234,0),('physnet_guest',2235,0),('physnet_guest',2236,0),('physnet_guest',2237,0),('physnet_guest',2238,0),('physnet_guest',2239,0),('physnet_guest',2240,0),('physnet_guest',2241,0),('physnet_guest',2242,0),('physnet_guest',2243,0),('physnet_guest',2244,0),('physnet_guest',2245,0),('physnet_guest',2246,0),('physnet_guest',2247,0),('physnet_guest',2248,0),('physnet_guest',2249,0),('physnet_guest',2250,0),('physnet_guest',2251,0),('physnet_guest',2252,0),('physnet_guest',2253,0),('physnet_guest',2254,0),('physnet_guest',2255,0),('physnet_guest',2256,0),('physnet_guest',2257,0),('physnet_guest',2258,0),('physnet_guest',2259,0),('physnet_guest',2260,0),('physnet_guest',2261,0),('physnet_guest',2262,0),('physnet_guest',2263,0),('physnet_guest',2264,0),('physnet_guest',2265,0),('physnet_guest',2266,0),('physnet_guest',2267,0),('physnet_guest',2268,0),('physnet_guest',2269,0),('physnet_guest',2270,0),('physnet_guest',2271,0),('physnet_guest',2272,0),('physnet_guest',2273,0),('physnet_guest',2274,0),('physnet_guest',2275,0),('physnet_guest',2276,0),('physnet_guest',2277,0),('physnet_guest',2278,0),('physnet_guest',2279,0),('physnet_guest',2280,0),('physnet_guest',2281,0),('physnet_guest',2282,0),('physnet_guest',2283,0),('physnet_guest',2284,0),('physnet_guest',2285,0),('physnet_guest',2286,0),('physnet_guest',2287,0),('physnet_guest',2288,0),('physnet_guest',2289,0),('physnet_guest',2290,0),('physnet_guest',2291,0),('physnet_guest',2292,0),('physnet_guest',2293,0),('physnet_guest',2294,0),('physnet_guest',2295,0),('physnet_guest',2296,0),('physnet_guest',2297,0),('physnet_guest',2298,0),('physnet_guest',2299,0),('physnet_guest',2300,0),('physnet_guest',2301,0),('physnet_guest',2302,0),('physnet_guest',2303,0),('physnet_guest',2304,0),('physnet_guest',2305,0),('physnet_guest',2306,0),('physnet_guest',2307,0),('physnet_guest',2308,0),('physnet_guest',2309,0),('physnet_guest',2310,0),('physnet_guest',2311,0),('physnet_guest',2312,0),('physnet_guest',2313,0),('physnet_guest',2314,0),('physnet_guest',2315,0),('physnet_guest',2316,0),('physnet_guest',2317,0),('physnet_guest',2318,0),('physnet_guest',2319,0),('physnet_guest',2320,0),('physnet_guest',2321,0),('physnet_guest',2322,0),('physnet_guest',2323,0),('physnet_guest',2324,0),('physnet_guest',2325,0),('physnet_guest',2326,0),('physnet_guest',2327,0),('physnet_guest',2328,0),('physnet_guest',2329,0),('physnet_guest',2330,0),('physnet_guest',2331,0),('physnet_guest',2332,0),('physnet_guest',2333,0),('physnet_guest',2334,0),('physnet_guest',2335,0),('physnet_guest',2336,0),('physnet_guest',2337,0),('physnet_guest',2338,0),('physnet_guest',2339,0),('physnet_guest',2340,0),('physnet_guest',2341,0),('physnet_guest',2342,0),('physnet_guest',2343,0),('physnet_guest',2344,0),('physnet_guest',2345,0),('physnet_guest',2346,0),('physnet_guest',2347,0),('physnet_guest',2348,0),('physnet_guest',2349,0),('physnet_guest',2350,0),('physnet_guest',2351,0),('physnet_guest',2352,0),('physnet_guest',2353,0),('physnet_guest',2354,0),('physnet_guest',2355,0),('physnet_guest',2356,0),('physnet_guest',2357,0),('physnet_guest',2358,0),('physnet_guest',2359,0),('physnet_guest',2360,0),('physnet_guest',2361,0),('physnet_guest',2362,0),('physnet_guest',2363,0),('physnet_guest',2364,0),('physnet_guest',2365,0),('physnet_guest',2366,0),('physnet_guest',2367,0),('physnet_guest',2368,0),('physnet_guest',2369,0),('physnet_guest',2370,0),('physnet_guest',2371,0),('physnet_guest',2372,0),('physnet_guest',2373,0),('physnet_guest',2374,0),('physnet_guest',2375,0),('physnet_guest',2376,0),('physnet_guest',2377,0),('physnet_guest',2378,0),('physnet_guest',2379,0),('physnet_guest',2380,0),('physnet_guest',2381,0),('physnet_guest',2382,0),('physnet_guest',2383,0),('physnet_guest',2384,0),('physnet_guest',2385,0),('physnet_guest',2386,0),('physnet_guest',2387,0),('physnet_guest',2388,0),('physnet_guest',2389,0),('physnet_guest',2390,0),('physnet_guest',2391,0),('physnet_guest',2392,0),('physnet_guest',2393,0),('physnet_guest',2394,0),('physnet_guest',2395,0),('physnet_guest',2396,0),('physnet_guest',2397,0),('physnet_guest',2398,0),('physnet_guest',2399,0),('physnet_guest',2400,0),('physnet_guest',2401,0),('physnet_guest',2402,0),('physnet_guest',2403,0),('physnet_guest',2404,0),('physnet_guest',2405,0),('physnet_guest',2406,0),('physnet_guest',2407,0),('physnet_guest',2408,0),('physnet_guest',2409,0),('physnet_guest',2410,0),('physnet_guest',2411,0),('physnet_guest',2412,0),('physnet_guest',2413,0),('physnet_guest',2414,0),('physnet_guest',2415,0),('physnet_guest',2416,0),('physnet_guest',2417,0),('physnet_guest',2418,0),('physnet_guest',2419,0),('physnet_guest',2420,0),('physnet_guest',2421,0),('physnet_guest',2422,0),('physnet_guest',2423,0),('physnet_guest',2424,0),('physnet_guest',2425,0),('physnet_guest',2426,0),('physnet_guest',2427,0),('physnet_guest',2428,0),('physnet_guest',2429,0),('physnet_guest',2430,0),('physnet_guest',2431,0),('physnet_guest',2432,0),('physnet_guest',2433,0),('physnet_guest',2434,0),('physnet_guest',2435,0),('physnet_guest',2436,0),('physnet_guest',2437,0),('physnet_guest',2438,0),('physnet_guest',2439,0),('physnet_guest',2440,0),('physnet_guest',2441,0),('physnet_guest',2442,0),('physnet_guest',2443,0),('physnet_guest',2444,0),('physnet_guest',2445,0),('physnet_guest',2446,0),('physnet_guest',2447,0),('physnet_guest',2448,0),('physnet_guest',2449,0),('physnet_guest',2450,0),('physnet_guest',2451,0),('physnet_guest',2452,0),('physnet_guest',2453,0),('physnet_guest',2454,0),('physnet_guest',2455,0),('physnet_guest',2456,0),('physnet_guest',2457,0),('physnet_guest',2458,0),('physnet_guest',2459,0),('physnet_guest',2460,0),('physnet_guest',2461,0),('physnet_guest',2462,0),('physnet_guest',2463,0),('physnet_guest',2464,0),('physnet_guest',2465,0),('physnet_guest',2466,0),('physnet_guest',2467,0),('physnet_guest',2468,0),('physnet_guest',2469,0),('physnet_guest',2470,0),('physnet_guest',2471,0),('physnet_guest',2472,0),('physnet_guest',2473,0),('physnet_guest',2474,0),('physnet_guest',2475,0),('physnet_guest',2476,0),('physnet_guest',2477,0),('physnet_guest',2478,0),('physnet_guest',2479,0),('physnet_guest',2480,0),('physnet_guest',2481,0),('physnet_guest',2482,0),('physnet_guest',2483,0),('physnet_guest',2484,0),('physnet_guest',2485,0),('physnet_guest',2486,0),('physnet_guest',2487,0),('physnet_guest',2488,0),('physnet_guest',2489,0),('physnet_guest',2490,0),('physnet_guest',2491,0),('physnet_guest',2492,0),('physnet_guest',2493,0),('physnet_guest',2494,0),('physnet_guest',2495,0),('physnet_guest',2496,0),('physnet_guest',2497,0),('physnet_guest',2498,0),('physnet_guest',2499,0),('physnet_guest',2500,0),('physnet_guest',2501,0),('physnet_guest',2502,0),('physnet_guest',2503,0),('physnet_guest',2504,0),('physnet_guest',2505,0),('physnet_guest',2506,0),('physnet_guest',2507,0),('physnet_guest',2508,0),('physnet_guest',2509,0),('physnet_guest',2510,0),('physnet_guest',2511,0),('physnet_guest',2512,0),('physnet_guest',2513,0),('physnet_guest',2514,0),('physnet_guest',2515,0),('physnet_guest',2516,0),('physnet_guest',2517,0),('physnet_guest',2518,0),('physnet_guest',2519,0),('physnet_guest',2520,0),('physnet_guest',2521,0),('physnet_guest',2522,0),('physnet_guest',2523,0),('physnet_guest',2524,0),('physnet_guest',2525,0),('physnet_guest',2526,0),('physnet_guest',2527,0),('physnet_guest',2528,0),('physnet_guest',2529,0),('physnet_guest',2530,0),('physnet_guest',2531,0),('physnet_guest',2532,0),('physnet_guest',2533,0),('physnet_guest',2534,0),('physnet_guest',2535,0),('physnet_guest',2536,0),('physnet_guest',2537,0),('physnet_guest',2538,0),('physnet_guest',2539,0),('physnet_guest',2540,0),('physnet_guest',2541,0),('physnet_guest',2542,0),('physnet_guest',2543,0),('physnet_guest',2544,0),('physnet_guest',2545,0),('physnet_guest',2546,0),('physnet_guest',2547,0),('physnet_guest',2548,0),('physnet_guest',2549,0),('physnet_guest',2550,0),('physnet_guest',2551,0),('physnet_guest',2552,0),('physnet_guest',2553,0),('physnet_guest',2554,0),('physnet_guest',2555,0),('physnet_guest',2556,0),('physnet_guest',2557,0),('physnet_guest',2558,0),('physnet_guest',2559,0),('physnet_guest',2560,0),('physnet_guest',2561,0),('physnet_guest',2562,0),('physnet_guest',2563,0),('physnet_guest',2564,0),('physnet_guest',2565,0),('physnet_guest',2566,0),('physnet_guest',2567,0),('physnet_guest',2568,0),('physnet_guest',2569,0),('physnet_guest',2570,0),('physnet_guest',2571,0),('physnet_guest',2572,0),('physnet_guest',2573,0),('physnet_guest',2574,0),('physnet_guest',2575,0),('physnet_guest',2576,0),('physnet_guest',2577,0),('physnet_guest',2578,0),('physnet_guest',2579,0),('physnet_guest',2580,0),('physnet_guest',2581,0),('physnet_guest',2582,0),('physnet_guest',2583,0),('physnet_guest',2584,0),('physnet_guest',2585,0),('physnet_guest',2586,0),('physnet_guest',2587,0),('physnet_guest',2588,0),('physnet_guest',2589,0),('physnet_guest',2590,0),('physnet_guest',2591,0),('physnet_guest',2592,0),('physnet_guest',2593,0),('physnet_guest',2594,0),('physnet_guest',2595,0),('physnet_guest',2596,0),('physnet_guest',2597,0),('physnet_guest',2598,0),('physnet_guest',2599,0),('physnet_guest',2600,0),('physnet_guest',2601,0),('physnet_guest',2602,0),('physnet_guest',2603,0),('physnet_guest',2604,0),('physnet_guest',2605,0),('physnet_guest',2606,0),('physnet_guest',2607,0),('physnet_guest',2608,0),('physnet_guest',2609,0),('physnet_guest',2610,0),('physnet_guest',2611,0),('physnet_guest',2612,0),('physnet_guest',2613,0),('physnet_guest',2614,0),('physnet_guest',2615,0),('physnet_guest',2616,0),('physnet_guest',2617,0),('physnet_guest',2618,0),('physnet_guest',2619,0),('physnet_guest',2620,0),('physnet_guest',2621,0),('physnet_guest',2622,0),('physnet_guest',2623,0),('physnet_guest',2624,0),('physnet_guest',2625,0),('physnet_guest',2626,0),('physnet_guest',2627,0),('physnet_guest',2628,0),('physnet_guest',2629,0),('physnet_guest',2630,0),('physnet_guest',2631,0),('physnet_guest',2632,0),('physnet_guest',2633,0),('physnet_guest',2634,0),('physnet_guest',2635,0),('physnet_guest',2636,0),('physnet_guest',2637,0),('physnet_guest',2638,0),('physnet_guest',2639,0),('physnet_guest',2640,0),('physnet_guest',2641,0),('physnet_guest',2642,0),('physnet_guest',2643,0),('physnet_guest',2644,0),('physnet_guest',2645,0),('physnet_guest',2646,0),('physnet_guest',2647,0),('physnet_guest',2648,0),('physnet_guest',2649,0),('physnet_guest',2650,0),('physnet_guest',2651,0),('physnet_guest',2652,0),('physnet_guest',2653,0),('physnet_guest',2654,0),('physnet_guest',2655,0),('physnet_guest',2656,0),('physnet_guest',2657,0),('physnet_guest',2658,0),('physnet_guest',2659,0),('physnet_guest',2660,0),('physnet_guest',2661,0),('physnet_guest',2662,0),('physnet_guest',2663,0),('physnet_guest',2664,0),('physnet_guest',2665,0),('physnet_guest',2666,0),('physnet_guest',2667,0),('physnet_guest',2668,0),('physnet_guest',2669,0),('physnet_guest',2670,0),('physnet_guest',2671,0),('physnet_guest',2672,0),('physnet_guest',2673,0),('physnet_guest',2674,0),('physnet_guest',2675,0),('physnet_guest',2676,0),('physnet_guest',2677,0),('physnet_guest',2678,0),('physnet_guest',2679,0),('physnet_guest',2680,0),('physnet_guest',2681,0),('physnet_guest',2682,0),('physnet_guest',2683,0),('physnet_guest',2684,0),('physnet_guest',2685,0),('physnet_guest',2686,0),('physnet_guest',2687,0),('physnet_guest',2688,0),('physnet_guest',2689,0),('physnet_guest',2690,0),('physnet_guest',2691,0),('physnet_guest',2692,0),('physnet_guest',2693,0),('physnet_guest',2694,0),('physnet_guest',2695,0),('physnet_guest',2696,0),('physnet_guest',2697,0),('physnet_guest',2698,0),('physnet_guest',2699,0),('physnet_guest',2700,0),('physnet_guest',2701,0),('physnet_guest',2702,0),('physnet_guest',2703,0),('physnet_guest',2704,0),('physnet_guest',2705,0),('physnet_guest',2706,0),('physnet_guest',2707,0),('physnet_guest',2708,0),('physnet_guest',2709,0),('physnet_guest',2710,0),('physnet_guest',2711,0),('physnet_guest',2712,0),('physnet_guest',2713,0),('physnet_guest',2714,0),('physnet_guest',2715,0),('physnet_guest',2716,0),('physnet_guest',2717,0),('physnet_guest',2718,0),('physnet_guest',2719,0),('physnet_guest',2720,0),('physnet_guest',2721,0),('physnet_guest',2722,0),('physnet_guest',2723,0),('physnet_guest',2724,0),('physnet_guest',2725,0),('physnet_guest',2726,0),('physnet_guest',2727,0),('physnet_guest',2728,0),('physnet_guest',2729,0),('physnet_guest',2730,0),('physnet_guest',2731,0),('physnet_guest',2732,0),('physnet_guest',2733,0),('physnet_guest',2734,0),('physnet_guest',2735,0),('physnet_guest',2736,0),('physnet_guest',2737,0),('physnet_guest',2738,0),('physnet_guest',2739,0),('physnet_guest',2740,0),('physnet_guest',2741,0),('physnet_guest',2742,0),('physnet_guest',2743,0),('physnet_guest',2744,0),('physnet_guest',2745,0),('physnet_guest',2746,0),('physnet_guest',2747,0),('physnet_guest',2748,0),('physnet_guest',2749,0),('physnet_guest',2750,0),('physnet_guest',2751,0),('physnet_guest',2752,0),('physnet_guest',2753,0),('physnet_guest',2754,0),('physnet_guest',2755,0),('physnet_guest',2756,0),('physnet_guest',2757,0),('physnet_guest',2758,0),('physnet_guest',2759,0),('physnet_guest',2760,0),('physnet_guest',2761,0),('physnet_guest',2762,0),('physnet_guest',2763,0),('physnet_guest',2764,0),('physnet_guest',2765,0),('physnet_guest',2766,0),('physnet_guest',2767,0),('physnet_guest',2768,0),('physnet_guest',2769,0),('physnet_guest',2770,0),('physnet_guest',2771,0),('physnet_guest',2772,0),('physnet_guest',2773,0),('physnet_guest',2774,0),('physnet_guest',2775,0),('physnet_guest',2776,0),('physnet_guest',2777,0),('physnet_guest',2778,0),('physnet_guest',2779,0),('physnet_guest',2780,0),('physnet_guest',2781,0),('physnet_guest',2782,0),('physnet_guest',2783,0),('physnet_guest',2784,0),('physnet_guest',2785,0),('physnet_guest',2786,0),('physnet_guest',2787,0),('physnet_guest',2788,0),('physnet_guest',2789,0),('physnet_guest',2790,0),('physnet_guest',2791,0),('physnet_guest',2792,0),('physnet_guest',2793,0),('physnet_guest',2794,0),('physnet_guest',2795,0),('physnet_guest',2796,0),('physnet_guest',2797,0),('physnet_guest',2798,0),('physnet_guest',2799,0),('physnet_guest',2800,0),('physnet_guest',2801,0),('physnet_guest',2802,0),('physnet_guest',2803,0),('physnet_guest',2804,0),('physnet_guest',2805,0),('physnet_guest',2806,0),('physnet_guest',2807,0),('physnet_guest',2808,0),('physnet_guest',2809,0),('physnet_guest',2810,0),('physnet_guest',2811,0),('physnet_guest',2812,0),('physnet_guest',2813,0),('physnet_guest',2814,0),('physnet_guest',2815,0),('physnet_guest',2816,0),('physnet_guest',2817,0),('physnet_guest',2818,0),('physnet_guest',2819,0),('physnet_guest',2820,0),('physnet_guest',2821,0),('physnet_guest',2822,0),('physnet_guest',2823,0),('physnet_guest',2824,0),('physnet_guest',2825,0),('physnet_guest',2826,0),('physnet_guest',2827,0),('physnet_guest',2828,0),('physnet_guest',2829,0),('physnet_guest',2830,0),('physnet_guest',2831,0),('physnet_guest',2832,0),('physnet_guest',2833,0),('physnet_guest',2834,0),('physnet_guest',2835,0),('physnet_guest',2836,0),('physnet_guest',2837,0),('physnet_guest',2838,0),('physnet_guest',2839,0),('physnet_guest',2840,0),('physnet_guest',2841,0),('physnet_guest',2842,0),('physnet_guest',2843,0),('physnet_guest',2844,0),('physnet_guest',2845,0),('physnet_guest',2846,0),('physnet_guest',2847,0),('physnet_guest',2848,0),('physnet_guest',2849,0),('physnet_guest',2850,0),('physnet_guest',2851,0),('physnet_guest',2852,0),('physnet_guest',2853,0),('physnet_guest',2854,0),('physnet_guest',2855,0),('physnet_guest',2856,0),('physnet_guest',2857,0),('physnet_guest',2858,0),('physnet_guest',2859,0),('physnet_guest',2860,0),('physnet_guest',2861,0),('physnet_guest',2862,0),('physnet_guest',2863,0),('physnet_guest',2864,0),('physnet_guest',2865,0),('physnet_guest',2866,0),('physnet_guest',2867,0),('physnet_guest',2868,0),('physnet_guest',2869,0),('physnet_guest',2870,0),('physnet_guest',2871,0),('physnet_guest',2872,0),('physnet_guest',2873,0),('physnet_guest',2874,0),('physnet_guest',2875,0),('physnet_guest',2876,0),('physnet_guest',2877,0),('physnet_guest',2878,0),('physnet_guest',2879,0),('physnet_guest',2880,0),('physnet_guest',2881,0),('physnet_guest',2882,0),('physnet_guest',2883,0),('physnet_guest',2884,0),('physnet_guest',2885,0),('physnet_guest',2886,0),('physnet_guest',2887,0),('physnet_guest',2888,0),('physnet_guest',2889,0),('physnet_guest',2890,0),('physnet_guest',2891,0),('physnet_guest',2892,0),('physnet_guest',2893,0),('physnet_guest',2894,0),('physnet_guest',2895,0),('physnet_guest',2896,0),('physnet_guest',2897,0),('physnet_guest',2898,0),('physnet_guest',2899,0),('physnet_guest',2900,0),('physnet_guest',2901,0),('physnet_guest',2902,0),('physnet_guest',2903,0),('physnet_guest',2904,0),('physnet_guest',2905,0),('physnet_guest',2906,0),('physnet_guest',2907,0),('physnet_guest',2908,0),('physnet_guest',2909,0),('physnet_guest',2910,0),('physnet_guest',2911,0),('physnet_guest',2912,0),('physnet_guest',2913,0),('physnet_guest',2914,0),('physnet_guest',2915,0),('physnet_guest',2916,0),('physnet_guest',2917,0),('physnet_guest',2918,0),('physnet_guest',2919,0),('physnet_guest',2920,0),('physnet_guest',2921,0),('physnet_guest',2922,0),('physnet_guest',2923,0),('physnet_guest',2924,0),('physnet_guest',2925,0),('physnet_guest',2926,0),('physnet_guest',2927,0),('physnet_guest',2928,0),('physnet_guest',2929,0),('physnet_guest',2930,0),('physnet_guest',2931,0),('physnet_guest',2932,0),('physnet_guest',2933,0),('physnet_guest',2934,0),('physnet_guest',2935,0),('physnet_guest',2936,0),('physnet_guest',2937,0),('physnet_guest',2938,0),('physnet_guest',2939,0),('physnet_guest',2940,0),('physnet_guest',2941,0),('physnet_guest',2942,0),('physnet_guest',2943,0),('physnet_guest',2944,0),('physnet_guest',2945,0),('physnet_guest',2946,0),('physnet_guest',2947,0),('physnet_guest',2948,0),('physnet_guest',2949,0),('physnet_guest',2950,0),('physnet_guest',2951,0),('physnet_guest',2952,0),('physnet_guest',2953,0),('physnet_guest',2954,0),('physnet_guest',2955,0),('physnet_guest',2956,0),('physnet_guest',2957,0),('physnet_guest',2958,0),('physnet_guest',2959,0),('physnet_guest',2960,0),('physnet_guest',2961,0),('physnet_guest',2962,0),('physnet_guest',2963,0),('physnet_guest',2964,0),('physnet_guest',2965,0),('physnet_guest',2966,0),('physnet_guest',2967,0),('physnet_guest',2968,0),('physnet_guest',2969,0),('physnet_guest',2970,0),('physnet_guest',2971,0),('physnet_guest',2972,0),('physnet_guest',2973,0),('physnet_guest',2974,0),('physnet_guest',2975,0),('physnet_guest',2976,0),('physnet_guest',2977,0),('physnet_guest',2978,0),('physnet_guest',2979,0),('physnet_guest',2980,0),('physnet_guest',2981,0),('physnet_guest',2982,0),('physnet_guest',2983,0),('physnet_guest',2984,0),('physnet_guest',2985,0),('physnet_guest',2986,0),('physnet_guest',2987,0),('physnet_guest',2988,0),('physnet_guest',2989,0),('physnet_guest',2990,0),('physnet_guest',2991,0),('physnet_guest',2992,0),('physnet_guest',2993,0),('physnet_guest',2994,0),('physnet_guest',2995,0),('physnet_guest',2996,0),('physnet_guest',2997,0),('physnet_guest',2998,0),('physnet_guest',2999,0),('physnet_guest',3000,0),('physnet_guest',3001,0),('physnet_guest',3002,0),('physnet_guest',3003,0),('physnet_guest',3004,0),('physnet_guest',3005,0),('physnet_guest',3006,0),('physnet_guest',3007,0),('physnet_guest',3008,0),('physnet_guest',3009,0),('physnet_guest',3010,0),('physnet_guest',3011,0),('physnet_guest',3012,0),('physnet_guest',3013,0),('physnet_guest',3014,0),('physnet_guest',3015,0),('physnet_guest',3016,0),('physnet_guest',3017,0),('physnet_guest',3018,0),('physnet_guest',3019,0),('physnet_guest',3020,0),('physnet_guest',3021,0),('physnet_guest',3022,0),('physnet_guest',3023,0),('physnet_guest',3024,0),('physnet_guest',3025,0),('physnet_guest',3026,0),('physnet_guest',3027,0),('physnet_guest',3028,0),('physnet_guest',3029,0),('physnet_guest',3030,0),('physnet_guest',3031,0),('physnet_guest',3032,0),('physnet_guest',3033,0),('physnet_guest',3034,0),('physnet_guest',3035,0),('physnet_guest',3036,0),('physnet_guest',3037,0),('physnet_guest',3038,0),('physnet_guest',3039,0),('physnet_guest',3040,0),('physnet_guest',3041,0),('physnet_guest',3042,0),('physnet_guest',3043,0),('physnet_guest',3044,0),('physnet_guest',3045,0),('physnet_guest',3046,0),('physnet_guest',3047,0),('physnet_guest',3048,0),('physnet_guest',3049,0),('physnet_guest',3050,0),('physnet_guest',3051,0),('physnet_guest',3052,0),('physnet_guest',3053,0),('physnet_guest',3054,0),('physnet_guest',3055,0),('physnet_guest',3056,0),('physnet_guest',3057,0),('physnet_guest',3058,0),('physnet_guest',3059,0),('physnet_guest',3060,0),('physnet_guest',3061,0),('physnet_guest',3062,0),('physnet_guest',3063,0),('physnet_guest',3064,0),('physnet_guest',3065,0),('physnet_guest',3066,0),('physnet_guest',3067,0),('physnet_guest',3068,0),('physnet_guest',3069,0),('physnet_guest',3070,0),('physnet_guest',3071,0),('physnet_guest',3072,0),('physnet_guest',3073,0),('physnet_guest',3074,0),('physnet_guest',3075,0),('physnet_guest',3076,0),('physnet_guest',3077,0),('physnet_guest',3078,0),('physnet_guest',3079,0),('physnet_guest',3080,0),('physnet_guest',3081,0),('physnet_guest',3082,0),('physnet_guest',3083,0),('physnet_guest',3084,0),('physnet_guest',3085,0),('physnet_guest',3086,0),('physnet_guest',3087,0),('physnet_guest',3088,0),('physnet_guest',3089,0),('physnet_guest',3090,0),('physnet_guest',3091,0),('physnet_guest',3092,0),('physnet_guest',3093,0),('physnet_guest',3094,0),('physnet_guest',3095,0),('physnet_guest',3096,0),('physnet_guest',3097,0),('physnet_guest',3098,0),('physnet_guest',3099,0),('physnet_guest',3100,0),('physnet_guest',3101,0),('physnet_guest',3102,0),('physnet_guest',3103,0),('physnet_guest',3104,0),('physnet_guest',3105,0),('physnet_guest',3106,0),('physnet_guest',3107,0),('physnet_guest',3108,0),('physnet_guest',3109,0),('physnet_guest',3110,0),('physnet_guest',3111,0),('physnet_guest',3112,0),('physnet_guest',3113,0),('physnet_guest',3114,0),('physnet_guest',3115,0),('physnet_guest',3116,0),('physnet_guest',3117,0),('physnet_guest',3118,0),('physnet_guest',3119,0),('physnet_guest',3120,0),('physnet_guest',3121,0),('physnet_guest',3122,0),('physnet_guest',3123,0),('physnet_guest',3124,0),('physnet_guest',3125,0),('physnet_guest',3126,0),('physnet_guest',3127,0),('physnet_guest',3128,0),('physnet_guest',3129,0),('physnet_guest',3130,0),('physnet_guest',3131,0),('physnet_guest',3132,0),('physnet_guest',3133,0),('physnet_guest',3134,0),('physnet_guest',3135,0),('physnet_guest',3136,0),('physnet_guest',3137,0),('physnet_guest',3138,0),('physnet_guest',3139,0),('physnet_guest',3140,0),('physnet_guest',3141,0),('physnet_guest',3142,0),('physnet_guest',3143,0),('physnet_guest',3144,0),('physnet_guest',3145,0),('physnet_guest',3146,0),('physnet_guest',3147,0),('physnet_guest',3148,0),('physnet_guest',3149,0),('physnet_guest',3150,0),('physnet_guest',3151,0),('physnet_guest',3152,0),('physnet_guest',3153,0),('physnet_guest',3154,0),('physnet_guest',3155,0),('physnet_guest',3156,0),('physnet_guest',3157,0),('physnet_guest',3158,0),('physnet_guest',3159,0),('physnet_guest',3160,0),('physnet_guest',3161,0),('physnet_guest',3162,0),('physnet_guest',3163,0),('physnet_guest',3164,0),('physnet_guest',3165,0),('physnet_guest',3166,0),('physnet_guest',3167,0),('physnet_guest',3168,0),('physnet_guest',3169,0),('physnet_guest',3170,0),('physnet_guest',3171,0),('physnet_guest',3172,0),('physnet_guest',3173,0),('physnet_guest',3174,0),('physnet_guest',3175,0),('physnet_guest',3176,0),('physnet_guest',3177,0),('physnet_guest',3178,0),('physnet_guest',3179,0),('physnet_guest',3180,0),('physnet_guest',3181,0),('physnet_guest',3182,0),('physnet_guest',3183,0),('physnet_guest',3184,0),('physnet_guest',3185,0),('physnet_guest',3186,0),('physnet_guest',3187,0),('physnet_guest',3188,0),('physnet_guest',3189,0),('physnet_guest',3190,0),('physnet_guest',3191,0),('physnet_guest',3192,0),('physnet_guest',3193,0),('physnet_guest',3194,0),('physnet_guest',3195,0),('physnet_guest',3196,0),('physnet_guest',3197,0),('physnet_guest',3198,0),('physnet_guest',3199,0),('physnet_guest',3200,0),('physnet_guest',3201,0),('physnet_guest',3202,0),('physnet_guest',3203,0),('physnet_guest',3204,0),('physnet_guest',3205,0),('physnet_guest',3206,0),('physnet_guest',3207,0),('physnet_guest',3208,0),('physnet_guest',3209,0),('physnet_guest',3210,0),('physnet_guest',3211,0),('physnet_guest',3212,0),('physnet_guest',3213,0),('physnet_guest',3214,0),('physnet_guest',3215,0),('physnet_guest',3216,0),('physnet_guest',3217,0),('physnet_guest',3218,0),('physnet_guest',3219,0),('physnet_guest',3220,0),('physnet_guest',3221,0),('physnet_guest',3222,0),('physnet_guest',3223,0),('physnet_guest',3224,0),('physnet_guest',3225,0),('physnet_guest',3226,0),('physnet_guest',3227,0),('physnet_guest',3228,0),('physnet_guest',3229,0),('physnet_guest',3230,0),('physnet_guest',3231,0),('physnet_guest',3232,0),('physnet_guest',3233,0),('physnet_guest',3234,0),('physnet_guest',3235,0),('physnet_guest',3236,0),('physnet_guest',3237,0),('physnet_guest',3238,0),('physnet_guest',3239,0),('physnet_guest',3240,0),('physnet_guest',3241,0),('physnet_guest',3242,0),('physnet_guest',3243,0),('physnet_guest',3244,0),('physnet_guest',3245,0),('physnet_guest',3246,0),('physnet_guest',3247,0),('physnet_guest',3248,0),('physnet_guest',3249,0),('physnet_guest',3250,0),('physnet_guest',3251,0),('physnet_guest',3252,0),('physnet_guest',3253,0),('physnet_guest',3254,0),('physnet_guest',3255,0),('physnet_guest',3256,0),('physnet_guest',3257,0),('physnet_guest',3258,0),('physnet_guest',3259,0),('physnet_guest',3260,0),('physnet_guest',3261,0),('physnet_guest',3262,0),('physnet_guest',3263,0),('physnet_guest',3264,0),('physnet_guest',3265,0),('physnet_guest',3266,0),('physnet_guest',3267,0),('physnet_guest',3268,0),('physnet_guest',3269,0),('physnet_guest',3270,0),('physnet_guest',3271,0),('physnet_guest',3272,0),('physnet_guest',3273,0),('physnet_guest',3274,0),('physnet_guest',3275,0),('physnet_guest',3276,0),('physnet_guest',3277,0),('physnet_guest',3278,0),('physnet_guest',3279,0),('physnet_guest',3280,0),('physnet_guest',3281,0),('physnet_guest',3282,0),('physnet_guest',3283,0),('physnet_guest',3284,0),('physnet_guest',3285,0),('physnet_guest',3286,0),('physnet_guest',3287,0),('physnet_guest',3288,0),('physnet_guest',3289,0),('physnet_guest',3290,0),('physnet_guest',3291,0),('physnet_guest',3292,0),('physnet_guest',3293,0),('physnet_guest',3294,0),('physnet_guest',3295,0),('physnet_guest',3296,0),('physnet_guest',3297,0),('physnet_guest',3298,0),('physnet_guest',3299,0),('physnet_guest',3300,0),('physnet_guest',3301,0),('physnet_guest',3302,0),('physnet_guest',3303,0),('physnet_guest',3304,0),('physnet_guest',3305,0),('physnet_guest',3306,0),('physnet_guest',3307,0),('physnet_guest',3308,0),('physnet_guest',3309,0),('physnet_guest',3310,0),('physnet_guest',3311,0),('physnet_guest',3312,0),('physnet_guest',3313,0),('physnet_guest',3314,0),('physnet_guest',3315,0),('physnet_guest',3316,0),('physnet_guest',3317,0),('physnet_guest',3318,0),('physnet_guest',3319,0),('physnet_guest',3320,0),('physnet_guest',3321,0),('physnet_guest',3322,0),('physnet_guest',3323,0),('physnet_guest',3324,0),('physnet_guest',3325,0),('physnet_guest',3326,0),('physnet_guest',3327,0),('physnet_guest',3328,0),('physnet_guest',3329,0),('physnet_guest',3330,0),('physnet_guest',3331,0),('physnet_guest',3332,0),('physnet_guest',3333,0),('physnet_guest',3334,0),('physnet_guest',3335,0),('physnet_guest',3336,0),('physnet_guest',3337,0),('physnet_guest',3338,0),('physnet_guest',3339,0),('physnet_guest',3340,0),('physnet_guest',3341,0),('physnet_guest',3342,0),('physnet_guest',3343,0),('physnet_guest',3344,0),('physnet_guest',3345,0),('physnet_guest',3346,0),('physnet_guest',3347,0),('physnet_guest',3348,0),('physnet_guest',3349,0),('physnet_guest',3350,0),('physnet_guest',3351,0),('physnet_guest',3352,0),('physnet_guest',3353,0),('physnet_guest',3354,0),('physnet_guest',3355,0),('physnet_guest',3356,0),('physnet_guest',3357,0),('physnet_guest',3358,0),('physnet_guest',3359,0),('physnet_guest',3360,0),('physnet_guest',3361,0),('physnet_guest',3362,0),('physnet_guest',3363,0),('physnet_guest',3364,0),('physnet_guest',3365,0),('physnet_guest',3366,0),('physnet_guest',3367,0),('physnet_guest',3368,0),('physnet_guest',3369,0),('physnet_guest',3370,0),('physnet_guest',3371,0),('physnet_guest',3372,0),('physnet_guest',3373,0),('physnet_guest',3374,0),('physnet_guest',3375,0),('physnet_guest',3376,0),('physnet_guest',3377,0),('physnet_guest',3378,0),('physnet_guest',3379,0),('physnet_guest',3380,0),('physnet_guest',3381,0),('physnet_guest',3382,0),('physnet_guest',3383,0),('physnet_guest',3384,0),('physnet_guest',3385,0),('physnet_guest',3386,0),('physnet_guest',3387,0),('physnet_guest',3388,0),('physnet_guest',3389,0),('physnet_guest',3390,0),('physnet_guest',3391,0),('physnet_guest',3392,0),('physnet_guest',3393,0),('physnet_guest',3394,0),('physnet_guest',3395,0),('physnet_guest',3396,0),('physnet_guest',3397,0),('physnet_guest',3398,0),('physnet_guest',3399,0),('physnet_guest',3400,0),('physnet_guest',3401,0),('physnet_guest',3402,0),('physnet_guest',3403,0),('physnet_guest',3404,0),('physnet_guest',3405,0),('physnet_guest',3406,0),('physnet_guest',3407,0),('physnet_guest',3408,0),('physnet_guest',3409,0),('physnet_guest',3410,0),('physnet_guest',3411,0),('physnet_guest',3412,0),('physnet_guest',3413,0),('physnet_guest',3414,0),('physnet_guest',3415,0),('physnet_guest',3416,0),('physnet_guest',3417,0),('physnet_guest',3418,0),('physnet_guest',3419,0),('physnet_guest',3420,0),('physnet_guest',3421,0),('physnet_guest',3422,0),('physnet_guest',3423,0),('physnet_guest',3424,0),('physnet_guest',3425,0),('physnet_guest',3426,0),('physnet_guest',3427,0),('physnet_guest',3428,0),('physnet_guest',3429,0),('physnet_guest',3430,0),('physnet_guest',3431,0),('physnet_guest',3432,0),('physnet_guest',3433,0),('physnet_guest',3434,0),('physnet_guest',3435,0),('physnet_guest',3436,0),('physnet_guest',3437,0),('physnet_guest',3438,0),('physnet_guest',3439,0),('physnet_guest',3440,0),('physnet_guest',3441,0),('physnet_guest',3442,0),('physnet_guest',3443,0),('physnet_guest',3444,0),('physnet_guest',3445,0),('physnet_guest',3446,0),('physnet_guest',3447,0),('physnet_guest',3448,0),('physnet_guest',3449,0),('physnet_guest',3450,0),('physnet_guest',3451,0),('physnet_guest',3452,0),('physnet_guest',3453,0),('physnet_guest',3454,0),('physnet_guest',3455,0),('physnet_guest',3456,0),('physnet_guest',3457,0),('physnet_guest',3458,0),('physnet_guest',3459,0),('physnet_guest',3460,0),('physnet_guest',3461,0),('physnet_guest',3462,0),('physnet_guest',3463,0),('physnet_guest',3464,0),('physnet_guest',3465,0),('physnet_guest',3466,0),('physnet_guest',3467,0),('physnet_guest',3468,0),('physnet_guest',3469,0),('physnet_guest',3470,0),('physnet_guest',3471,0),('physnet_guest',3472,0),('physnet_guest',3473,0),('physnet_guest',3474,0),('physnet_guest',3475,0),('physnet_guest',3476,0),('physnet_guest',3477,0),('physnet_guest',3478,0),('physnet_guest',3479,0),('physnet_guest',3480,0),('physnet_guest',3481,0),('physnet_guest',3482,0),('physnet_guest',3483,0),('physnet_guest',3484,0),('physnet_guest',3485,0),('physnet_guest',3486,0),('physnet_guest',3487,0),('physnet_guest',3488,0),('physnet_guest',3489,0),('physnet_guest',3490,0),('physnet_guest',3491,0),('physnet_guest',3492,0),('physnet_guest',3493,0),('physnet_guest',3494,0),('physnet_guest',3495,0),('physnet_guest',3496,0),('physnet_guest',3497,0),('physnet_guest',3498,0),('physnet_guest',3499,0),('physnet_guest',3500,0),('physnet_guest',3501,0),('physnet_guest',3502,0),('physnet_guest',3503,0),('physnet_guest',3504,0),('physnet_guest',3505,0),('physnet_guest',3506,0),('physnet_guest',3507,0),('physnet_guest',3508,0),('physnet_guest',3509,0),('physnet_guest',3510,0),('physnet_guest',3511,0),('physnet_guest',3512,0),('physnet_guest',3513,0),('physnet_guest',3514,0),('physnet_guest',3515,0),('physnet_guest',3516,0),('physnet_guest',3517,0),('physnet_guest',3518,0),('physnet_guest',3519,0),('physnet_guest',3520,0),('physnet_guest',3521,0),('physnet_guest',3522,0),('physnet_guest',3523,0),('physnet_guest',3524,0),('physnet_guest',3525,0),('physnet_guest',3526,0),('physnet_guest',3527,0),('physnet_guest',3528,0),('physnet_guest',3529,0),('physnet_guest',3530,0),('physnet_guest',3531,0),('physnet_guest',3532,0),('physnet_guest',3533,0),('physnet_guest',3534,0),('physnet_guest',3535,0),('physnet_guest',3536,0),('physnet_guest',3537,0),('physnet_guest',3538,0),('physnet_guest',3539,0),('physnet_guest',3540,0),('physnet_guest',3541,0),('physnet_guest',3542,0),('physnet_guest',3543,0),('physnet_guest',3544,0),('physnet_guest',3545,0),('physnet_guest',3546,0),('physnet_guest',3547,0),('physnet_guest',3548,0),('physnet_guest',3549,0),('physnet_guest',3550,0),('physnet_guest',3551,0),('physnet_guest',3552,0),('physnet_guest',3553,0),('physnet_guest',3554,0),('physnet_guest',3555,0),('physnet_guest',3556,0),('physnet_guest',3557,0),('physnet_guest',3558,0),('physnet_guest',3559,0),('physnet_guest',3560,0),('physnet_guest',3561,0),('physnet_guest',3562,0),('physnet_guest',3563,0),('physnet_guest',3564,0),('physnet_guest',3565,0),('physnet_guest',3566,0),('physnet_guest',3567,0),('physnet_guest',3568,0),('physnet_guest',3569,0),('physnet_guest',3570,0),('physnet_guest',3571,0),('physnet_guest',3572,0),('physnet_guest',3573,0),('physnet_guest',3574,0),('physnet_guest',3575,0),('physnet_guest',3576,0),('physnet_guest',3577,0),('physnet_guest',3578,0),('physnet_guest',3579,0),('physnet_guest',3580,0),('physnet_guest',3581,0),('physnet_guest',3582,0),('physnet_guest',3583,0),('physnet_guest',3584,0),('physnet_guest',3585,0),('physnet_guest',3586,0),('physnet_guest',3587,0),('physnet_guest',3588,0),('physnet_guest',3589,0),('physnet_guest',3590,0),('physnet_guest',3591,0),('physnet_guest',3592,0),('physnet_guest',3593,0),('physnet_guest',3594,0),('physnet_guest',3595,0),('physnet_guest',3596,0),('physnet_guest',3597,0),('physnet_guest',3598,0),('physnet_guest',3599,0),('physnet_guest',3600,0),('physnet_guest',3601,0),('physnet_guest',3602,0),('physnet_guest',3603,0),('physnet_guest',3604,0),('physnet_guest',3605,0),('physnet_guest',3606,0),('physnet_guest',3607,0),('physnet_guest',3608,0),('physnet_guest',3609,0),('physnet_guest',3610,0),('physnet_guest',3611,0),('physnet_guest',3612,0),('physnet_guest',3613,0),('physnet_guest',3614,0),('physnet_guest',3615,0),('physnet_guest',3616,0),('physnet_guest',3617,0),('physnet_guest',3618,0),('physnet_guest',3619,0),('physnet_guest',3620,0),('physnet_guest',3621,0),('physnet_guest',3622,0),('physnet_guest',3623,0),('physnet_guest',3624,0),('physnet_guest',3625,0),('physnet_guest',3626,0),('physnet_guest',3627,0),('physnet_guest',3628,0),('physnet_guest',3629,0),('physnet_guest',3630,0),('physnet_guest',3631,0),('physnet_guest',3632,0),('physnet_guest',3633,0),('physnet_guest',3634,0),('physnet_guest',3635,0),('physnet_guest',3636,0),('physnet_guest',3637,0),('physnet_guest',3638,0),('physnet_guest',3639,0),('physnet_guest',3640,0),('physnet_guest',3641,0),('physnet_guest',3642,0),('physnet_guest',3643,0),('physnet_guest',3644,0),('physnet_guest',3645,0),('physnet_guest',3646,0),('physnet_guest',3647,0),('physnet_guest',3648,0),('physnet_guest',3649,0),('physnet_guest',3650,0),('physnet_guest',3651,0),('physnet_guest',3652,0),('physnet_guest',3653,0),('physnet_guest',3654,0),('physnet_guest',3655,0),('physnet_guest',3656,0),('physnet_guest',3657,0),('physnet_guest',3658,0),('physnet_guest',3659,0),('physnet_guest',3660,0),('physnet_guest',3661,0),('physnet_guest',3662,0),('physnet_guest',3663,0),('physnet_guest',3664,0),('physnet_guest',3665,0),('physnet_guest',3666,0),('physnet_guest',3667,0),('physnet_guest',3668,0),('physnet_guest',3669,0),('physnet_guest',3670,0),('physnet_guest',3671,0),('physnet_guest',3672,0),('physnet_guest',3673,0),('physnet_guest',3674,0),('physnet_guest',3675,0),('physnet_guest',3676,0),('physnet_guest',3677,0),('physnet_guest',3678,0),('physnet_guest',3679,0),('physnet_guest',3680,0),('physnet_guest',3681,0),('physnet_guest',3682,0),('physnet_guest',3683,0),('physnet_guest',3684,0),('physnet_guest',3685,0),('physnet_guest',3686,0),('physnet_guest',3687,0),('physnet_guest',3688,0),('physnet_guest',3689,0),('physnet_guest',3690,0),('physnet_guest',3691,0),('physnet_guest',3692,0),('physnet_guest',3693,0),('physnet_guest',3694,0),('physnet_guest',3695,0),('physnet_guest',3696,0),('physnet_guest',3697,0),('physnet_guest',3698,0),('physnet_guest',3699,0),('physnet_guest',3700,0),('physnet_guest',3701,0),('physnet_guest',3702,0),('physnet_guest',3703,0),('physnet_guest',3704,0),('physnet_guest',3705,0),('physnet_guest',3706,0),('physnet_guest',3707,0),('physnet_guest',3708,0),('physnet_guest',3709,0),('physnet_guest',3710,0),('physnet_guest',3711,0),('physnet_guest',3712,0),('physnet_guest',3713,0),('physnet_guest',3714,0),('physnet_guest',3715,0),('physnet_guest',3716,0),('physnet_guest',3717,0),('physnet_guest',3718,0),('physnet_guest',3719,0),('physnet_guest',3720,0),('physnet_guest',3721,0),('physnet_guest',3722,0),('physnet_guest',3723,0),('physnet_guest',3724,0),('physnet_guest',3725,0),('physnet_guest',3726,0),('physnet_guest',3727,0),('physnet_guest',3728,0),('physnet_guest',3729,0),('physnet_guest',3730,0),('physnet_guest',3731,0),('physnet_guest',3732,0),('physnet_guest',3733,0),('physnet_guest',3734,0),('physnet_guest',3735,0),('physnet_guest',3736,0),('physnet_guest',3737,0),('physnet_guest',3738,0),('physnet_guest',3739,0),('physnet_guest',3740,0),('physnet_guest',3741,0),('physnet_guest',3742,0),('physnet_guest',3743,0),('physnet_guest',3744,0),('physnet_guest',3745,0),('physnet_guest',3746,0),('physnet_guest',3747,0),('physnet_guest',3748,0),('physnet_guest',3749,0),('physnet_guest',3750,0),('physnet_guest',3751,0),('physnet_guest',3752,0),('physnet_guest',3753,0),('physnet_guest',3754,0),('physnet_guest',3755,0),('physnet_guest',3756,0),('physnet_guest',3757,0),('physnet_guest',3758,0),('physnet_guest',3759,0),('physnet_guest',3760,0),('physnet_guest',3761,0),('physnet_guest',3762,0),('physnet_guest',3763,0),('physnet_guest',3764,0),('physnet_guest',3765,0),('physnet_guest',3766,0),('physnet_guest',3767,0),('physnet_guest',3768,0),('physnet_guest',3769,0),('physnet_guest',3770,0),('physnet_guest',3771,0),('physnet_guest',3772,0),('physnet_guest',3773,0),('physnet_guest',3774,0),('physnet_guest',3775,0),('physnet_guest',3776,0),('physnet_guest',3777,0),('physnet_guest',3778,0),('physnet_guest',3779,0),('physnet_guest',3780,0),('physnet_guest',3781,0),('physnet_guest',3782,0),('physnet_guest',3783,0),('physnet_guest',3784,0),('physnet_guest',3785,0),('physnet_guest',3786,0),('physnet_guest',3787,0),('physnet_guest',3788,0),('physnet_guest',3789,0),('physnet_guest',3790,0),('physnet_guest',3791,0),('physnet_guest',3792,0),('physnet_guest',3793,0),('physnet_guest',3794,0),('physnet_guest',3795,0),('physnet_guest',3796,0),('physnet_guest',3797,0),('physnet_guest',3798,0),('physnet_guest',3799,0),('physnet_guest',3800,0),('physnet_guest',3801,0),('physnet_guest',3802,0),('physnet_guest',3803,0),('physnet_guest',3804,0),('physnet_guest',3805,0),('physnet_guest',3806,0),('physnet_guest',3807,0),('physnet_guest',3808,0),('physnet_guest',3809,0),('physnet_guest',3810,0),('physnet_guest',3811,0),('physnet_guest',3812,0),('physnet_guest',3813,0),('physnet_guest',3814,0),('physnet_guest',3815,0),('physnet_guest',3816,0),('physnet_guest',3817,0),('physnet_guest',3818,0),('physnet_guest',3819,0),('physnet_guest',3820,0),('physnet_guest',3821,0),('physnet_guest',3822,0),('physnet_guest',3823,0),('physnet_guest',3824,0),('physnet_guest',3825,0),('physnet_guest',3826,0),('physnet_guest',3827,0),('physnet_guest',3828,0),('physnet_guest',3829,0),('physnet_guest',3830,0),('physnet_guest',3831,0),('physnet_guest',3832,0),('physnet_guest',3833,0),('physnet_guest',3834,0),('physnet_guest',3835,0),('physnet_guest',3836,0),('physnet_guest',3837,0),('physnet_guest',3838,0),('physnet_guest',3839,0),('physnet_guest',3840,0),('physnet_guest',3841,0),('physnet_guest',3842,0),('physnet_guest',3843,0),('physnet_guest',3844,0),('physnet_guest',3845,0),('physnet_guest',3846,0),('physnet_guest',3847,0),('physnet_guest',3848,0),('physnet_guest',3849,0),('physnet_guest',3850,0),('physnet_guest',3851,0),('physnet_guest',3852,0),('physnet_guest',3853,0),('physnet_guest',3854,0),('physnet_guest',3855,0),('physnet_guest',3856,0),('physnet_guest',3857,0),('physnet_guest',3858,0),('physnet_guest',3859,0),('physnet_guest',3860,0),('physnet_guest',3861,0),('physnet_guest',3862,0),('physnet_guest',3863,0),('physnet_guest',3864,0),('physnet_guest',3865,0),('physnet_guest',3866,0),('physnet_guest',3867,0),('physnet_guest',3868,0),('physnet_guest',3869,0),('physnet_guest',3870,0),('physnet_guest',3871,0),('physnet_guest',3872,0),('physnet_guest',3873,0),('physnet_guest',3874,0),('physnet_guest',3875,0),('physnet_guest',3876,0),('physnet_guest',3877,0),('physnet_guest',3878,0),('physnet_guest',3879,0),('physnet_guest',3880,0),('physnet_guest',3881,0),('physnet_guest',3882,0),('physnet_guest',3883,0),('physnet_guest',3884,0),('physnet_guest',3885,0),('physnet_guest',3886,0),('physnet_guest',3887,0),('physnet_guest',3888,0),('physnet_guest',3889,0),('physnet_guest',3890,0),('physnet_guest',3891,0),('physnet_guest',3892,0),('physnet_guest',3893,0),('physnet_guest',3894,0),('physnet_guest',3895,0),('physnet_guest',3896,0),('physnet_guest',3897,0),('physnet_guest',3898,0),('physnet_guest',3899,0),('physnet_guest',3900,0),('physnet_guest',3901,0),('physnet_guest',3902,0),('physnet_guest',3903,0),('physnet_guest',3904,0),('physnet_guest',3905,0),('physnet_guest',3906,0),('physnet_guest',3907,0),('physnet_guest',3908,0),('physnet_guest',3909,0),('physnet_guest',3910,0),('physnet_guest',3911,0),('physnet_guest',3912,0),('physnet_guest',3913,0),('physnet_guest',3914,0),('physnet_guest',3915,0),('physnet_guest',3916,0),('physnet_guest',3917,0),('physnet_guest',3918,0),('physnet_guest',3919,0),('physnet_guest',3920,0),('physnet_guest',3921,0),('physnet_guest',3922,0),('physnet_guest',3923,0),('physnet_guest',3924,0),('physnet_guest',3925,0),('physnet_guest',3926,0),('physnet_guest',3927,0),('physnet_guest',3928,0),('physnet_guest',3929,0),('physnet_guest',3930,0),('physnet_guest',3931,0),('physnet_guest',3932,0),('physnet_guest',3933,0),('physnet_guest',3934,0),('physnet_guest',3935,0),('physnet_guest',3936,0),('physnet_guest',3937,0),('physnet_guest',3938,0),('physnet_guest',3939,0),('physnet_guest',3940,0),('physnet_guest',3941,0),('physnet_guest',3942,0),('physnet_guest',3943,0),('physnet_guest',3944,0),('physnet_guest',3945,0),('physnet_guest',3946,0),('physnet_guest',3947,0),('physnet_guest',3948,0),('physnet_guest',3949,0),('physnet_guest',3950,0),('physnet_guest',3951,0),('physnet_guest',3952,0),('physnet_guest',3953,0),('physnet_guest',3954,0),('physnet_guest',3955,0),('physnet_guest',3956,0),('physnet_guest',3957,0),('physnet_guest',3958,0),('physnet_guest',3959,0),('physnet_guest',3960,0),('physnet_guest',3961,0),('physnet_guest',3962,0),('physnet_guest',3963,0),('physnet_guest',3964,0),('physnet_guest',3965,0),('physnet_guest',3966,0),('physnet_guest',3967,0),('physnet_guest',3968,0),('physnet_guest',3969,0),('physnet_guest',3970,0),('physnet_guest',3971,0),('physnet_guest',3972,0),('physnet_guest',3973,0),('physnet_guest',3974,0),('physnet_guest',3975,0),('physnet_guest',3976,0),('physnet_guest',3977,0),('physnet_guest',3978,0),('physnet_guest',3979,0),('physnet_guest',3980,0),('physnet_guest',3981,0),('physnet_guest',3982,0),('physnet_guest',3983,0),('physnet_guest',3984,0),('physnet_guest',3985,0),('physnet_guest',3986,0),('physnet_guest',3987,0),('physnet_guest',3988,0),('physnet_guest',3989,0),('physnet_guest',3990,0),('physnet_guest',3991,0),('physnet_guest',3992,0),('physnet_guest',3993,0),('physnet_guest',3994,0),('physnet_guest',3995,0),('physnet_guest',3996,0),('physnet_guest',3997,0),('physnet_guest',3998,0),('physnet_guest',3999,0),('physnet_guest',4000,0),('physnet_hybrid',1,0),('physnet_hybrid',2,0),('physnet_hybrid',3,0),('physnet_hybrid',4,0),('physnet_hybrid',5,0),('physnet_hybrid',6,0),('physnet_hybrid',7,0),('physnet_hybrid',8,0),('physnet_hybrid',9,0),('physnet_hybrid',10,1),('physnet_hybrid',11,1),('physnet_hybrid',12,0),('physnet_hybrid',13,0),('physnet_hybrid',14,0),('physnet_hybrid',15,0),('physnet_hybrid',16,0),('physnet_hybrid',17,0),('physnet_hybrid',18,0),('physnet_hybrid',19,0),('physnet_hybrid',20,0),('physnet_hybrid',21,0),('physnet_hybrid',22,0),('physnet_hybrid',23,0),('physnet_hybrid',24,0),('physnet_hybrid',25,0),('physnet_hybrid',26,0),('physnet_hybrid',27,0),('physnet_hybrid',28,0),('physnet_hybrid',29,0),('physnet_hybrid',30,0),('physnet_hybrid',31,0),('physnet_hybrid',32,0),('physnet_hybrid',33,0),('physnet_hybrid',34,0),('physnet_hybrid',35,0),('physnet_hybrid',36,0),('physnet_hybrid',37,0),('physnet_hybrid',38,0),('physnet_hybrid',39,0),('physnet_hybrid',40,0),('physnet_hybrid',41,0),('physnet_hybrid',42,0),('physnet_hybrid',43,0),('physnet_hybrid',44,0),('physnet_hybrid',45,0),('physnet_hybrid',46,0),('physnet_hybrid',47,0),('physnet_hybrid',48,0),('physnet_hybrid',49,0),('physnet_hybrid',50,0),('physnet_hybrid',51,0),('physnet_hybrid',52,0),('physnet_hybrid',53,0),('physnet_hybrid',54,0),('physnet_hybrid',55,0),('physnet_hybrid',56,0),('physnet_hybrid',57,0),('physnet_hybrid',58,0),('physnet_hybrid',59,0),('physnet_hybrid',60,0),('physnet_hybrid',61,0),('physnet_hybrid',62,0),('physnet_hybrid',63,0),('physnet_hybrid',64,0),('physnet_hybrid',65,0),('physnet_hybrid',66,0),('physnet_hybrid',67,0),('physnet_hybrid',68,0),('physnet_hybrid',69,0),('physnet_hybrid',70,0),('physnet_hybrid',71,0),('physnet_hybrid',72,0),('physnet_hybrid',73,0),('physnet_hybrid',74,0),('physnet_hybrid',75,0),('physnet_hybrid',76,0),('physnet_hybrid',77,0),('physnet_hybrid',78,0),('physnet_hybrid',79,0),('physnet_hybrid',80,0),('physnet_hybrid',81,0),('physnet_hybrid',82,0),('physnet_hybrid',83,0),('physnet_hybrid',84,0),('physnet_hybrid',85,0),('physnet_hybrid',86,0),('physnet_hybrid',87,0),('physnet_hybrid',88,0),('physnet_hybrid',89,0),('physnet_hybrid',90,0),('physnet_hybrid',91,0),('physnet_hybrid',92,0),('physnet_hybrid',93,0),('physnet_hybrid',94,0),('physnet_hybrid',95,0),('physnet_hybrid',96,0),('physnet_hybrid',97,0),('physnet_hybrid',98,0),('physnet_hybrid',99,0),('physnet_hybrid',100,1),('physnet_hybrid',101,0),('physnet_hybrid',102,0),('physnet_hybrid',103,0),('physnet_hybrid',104,0),('physnet_hybrid',105,0),('physnet_hybrid',106,0),('physnet_hybrid',107,0),('physnet_hybrid',108,0),('physnet_hybrid',109,0),('physnet_hybrid',110,1),('physnet_hybrid',111,0),('physnet_hybrid',112,0),('physnet_hybrid',113,0),('physnet_hybrid',114,0),('physnet_hybrid',115,0),('physnet_hybrid',116,0),('physnet_hybrid',117,0),('physnet_hybrid',118,0),('physnet_hybrid',119,0),('physnet_hybrid',120,0),('physnet_hybrid',121,0),('physnet_hybrid',122,0),('physnet_hybrid',123,0),('physnet_hybrid',124,0),('physnet_hybrid',125,0),('physnet_hybrid',126,0),('physnet_hybrid',127,0),('physnet_hybrid',128,0),('physnet_hybrid',129,0),('physnet_hybrid',130,0),('physnet_hybrid',131,0),('physnet_hybrid',132,0),('physnet_hybrid',133,0),('physnet_hybrid',134,0),('physnet_hybrid',135,0),('physnet_hybrid',136,0),('physnet_hybrid',137,0),('physnet_hybrid',138,0),('physnet_hybrid',139,0),('physnet_hybrid',140,0),('physnet_hybrid',141,0),('physnet_hybrid',142,0),('physnet_hybrid',143,0),('physnet_hybrid',144,0),('physnet_hybrid',145,0),('physnet_hybrid',146,0),('physnet_hybrid',147,0),('physnet_hybrid',148,0),('physnet_hybrid',149,0),('physnet_hybrid',150,0),('physnet_hybrid',151,0),('physnet_hybrid',152,0),('physnet_hybrid',153,0),('physnet_hybrid',154,0),('physnet_hybrid',155,0),('physnet_hybrid',156,0),('physnet_hybrid',157,0),('physnet_hybrid',158,0),('physnet_hybrid',159,0),('physnet_hybrid',160,0),('physnet_hybrid',161,0),('physnet_hybrid',162,0),('physnet_hybrid',163,0),('physnet_hybrid',164,0),('physnet_hybrid',165,0),('physnet_hybrid',166,0),('physnet_hybrid',167,0),('physnet_hybrid',168,0),('physnet_hybrid',169,0),('physnet_hybrid',170,0),('physnet_hybrid',171,0),('physnet_hybrid',172,0),('physnet_hybrid',173,0),('physnet_hybrid',174,0),('physnet_hybrid',175,0),('physnet_hybrid',176,0),('physnet_hybrid',177,0),('physnet_hybrid',178,0),('physnet_hybrid',179,0),('physnet_hybrid',180,0),('physnet_hybrid',181,0),('physnet_hybrid',182,0),('physnet_hybrid',183,0),('physnet_hybrid',184,0),('physnet_hybrid',185,0),('physnet_hybrid',186,0),('physnet_hybrid',187,0),('physnet_hybrid',188,0),('physnet_hybrid',189,0),('physnet_hybrid',190,0),('physnet_hybrid',191,0),('physnet_hybrid',192,0),('physnet_hybrid',193,0),('physnet_hybrid',194,0),('physnet_hybrid',195,0),('physnet_hybrid',196,0),('physnet_hybrid',197,0),('physnet_hybrid',198,0),('physnet_hybrid',199,0),('physnet_hybrid',200,0),('physnet_hybrid',201,0),('physnet_hybrid',202,0),('physnet_hybrid',203,0),('physnet_hybrid',204,0),('physnet_hybrid',205,0),('physnet_hybrid',206,0),('physnet_hybrid',207,0),('physnet_hybrid',208,0),('physnet_hybrid',209,0),('physnet_hybrid',210,0),('physnet_hybrid',211,0),('physnet_hybrid',212,0),('physnet_hybrid',213,0),('physnet_hybrid',214,0),('physnet_hybrid',215,0),('physnet_hybrid',216,0),('physnet_hybrid',217,0),('physnet_hybrid',218,0),('physnet_hybrid',219,0),('physnet_hybrid',220,0),('physnet_hybrid',221,0),('physnet_hybrid',222,0),('physnet_hybrid',223,0),('physnet_hybrid',224,0),('physnet_hybrid',225,0),('physnet_hybrid',226,0),('physnet_hybrid',227,0),('physnet_hybrid',228,0),('physnet_hybrid',229,0),('physnet_hybrid',230,0),('physnet_hybrid',231,0),('physnet_hybrid',232,0),('physnet_hybrid',233,0),('physnet_hybrid',234,0),('physnet_hybrid',235,0),('physnet_hybrid',236,0),('physnet_hybrid',237,0),('physnet_hybrid',238,0),('physnet_hybrid',239,0),('physnet_hybrid',240,0),('physnet_hybrid',241,0),('physnet_hybrid',242,0),('physnet_hybrid',243,0),('physnet_hybrid',244,0),('physnet_hybrid',245,0),('physnet_hybrid',246,0),('physnet_hybrid',247,0),('physnet_hybrid',248,0),('physnet_hybrid',249,0),('physnet_hybrid',250,0),('physnet_hybrid',251,0),('physnet_hybrid',252,0),('physnet_hybrid',253,0),('physnet_hybrid',254,0),('physnet_hybrid',255,0),('physnet_hybrid',256,0),('physnet_hybrid',257,0),('physnet_hybrid',258,0),('physnet_hybrid',259,0),('physnet_hybrid',260,0),('physnet_hybrid',261,0),('physnet_hybrid',262,0),('physnet_hybrid',263,0),('physnet_hybrid',264,0),('physnet_hybrid',265,0),('physnet_hybrid',266,0),('physnet_hybrid',267,0),('physnet_hybrid',268,0),('physnet_hybrid',269,0),('physnet_hybrid',270,0),('physnet_hybrid',271,0),('physnet_hybrid',272,0),('physnet_hybrid',273,0),('physnet_hybrid',274,0),('physnet_hybrid',275,0),('physnet_hybrid',276,0),('physnet_hybrid',277,0),('physnet_hybrid',278,0),('physnet_hybrid',279,0),('physnet_hybrid',280,0),('physnet_hybrid',281,0),('physnet_hybrid',282,0),('physnet_hybrid',283,0),('physnet_hybrid',284,0),('physnet_hybrid',285,0),('physnet_hybrid',286,0),('physnet_hybrid',287,0),('physnet_hybrid',288,0),('physnet_hybrid',289,0),('physnet_hybrid',290,0),('physnet_hybrid',291,0),('physnet_hybrid',292,0),('physnet_hybrid',293,0),('physnet_hybrid',294,0),('physnet_hybrid',295,0),('physnet_hybrid',296,0),('physnet_hybrid',297,0),('physnet_hybrid',298,0),('physnet_hybrid',299,0),('physnet_hybrid',300,0),('physnet_hybrid',301,0),('physnet_hybrid',302,0),('physnet_hybrid',303,0),('physnet_hybrid',304,0),('physnet_hybrid',305,0),('physnet_hybrid',306,0),('physnet_hybrid',307,0),('physnet_hybrid',308,0),('physnet_hybrid',309,0),('physnet_hybrid',310,0),('physnet_hybrid',311,0),('physnet_hybrid',312,0),('physnet_hybrid',313,0),('physnet_hybrid',314,0),('physnet_hybrid',315,0),('physnet_hybrid',316,0),('physnet_hybrid',317,0),('physnet_hybrid',318,0),('physnet_hybrid',319,0),('physnet_hybrid',320,0),('physnet_hybrid',321,0),('physnet_hybrid',322,0),('physnet_hybrid',323,0),('physnet_hybrid',324,0),('physnet_hybrid',325,0),('physnet_hybrid',326,0),('physnet_hybrid',327,0),('physnet_hybrid',328,0),('physnet_hybrid',329,0),('physnet_hybrid',330,0),('physnet_hybrid',331,0),('physnet_hybrid',332,0),('physnet_hybrid',333,0),('physnet_hybrid',334,0),('physnet_hybrid',335,0),('physnet_hybrid',336,0),('physnet_hybrid',337,0),('physnet_hybrid',338,0),('physnet_hybrid',339,0),('physnet_hybrid',340,0),('physnet_hybrid',341,0),('physnet_hybrid',342,0),('physnet_hybrid',343,0),('physnet_hybrid',344,0),('physnet_hybrid',345,0),('physnet_hybrid',346,0),('physnet_hybrid',347,0),('physnet_hybrid',348,0),('physnet_hybrid',349,0),('physnet_hybrid',350,0),('physnet_hybrid',351,0),('physnet_hybrid',352,0),('physnet_hybrid',353,0),('physnet_hybrid',354,0),('physnet_hybrid',355,0),('physnet_hybrid',356,0),('physnet_hybrid',357,0),('physnet_hybrid',358,0),('physnet_hybrid',359,0),('physnet_hybrid',360,0),('physnet_hybrid',361,0),('physnet_hybrid',362,0),('physnet_hybrid',363,0),('physnet_hybrid',364,0),('physnet_hybrid',365,0),('physnet_hybrid',366,0),('physnet_hybrid',367,0),('physnet_hybrid',368,0),('physnet_hybrid',369,0),('physnet_hybrid',370,0),('physnet_hybrid',371,0),('physnet_hybrid',372,0),('physnet_hybrid',373,0),('physnet_hybrid',374,0),('physnet_hybrid',375,0),('physnet_hybrid',376,0),('physnet_hybrid',377,0),('physnet_hybrid',378,0),('physnet_hybrid',379,0),('physnet_hybrid',380,0),('physnet_hybrid',381,0),('physnet_hybrid',382,0),('physnet_hybrid',383,0),('physnet_hybrid',384,0),('physnet_hybrid',385,0),('physnet_hybrid',386,0),('physnet_hybrid',387,0),('physnet_hybrid',388,0),('physnet_hybrid',389,0),('physnet_hybrid',390,0),('physnet_hybrid',391,0),('physnet_hybrid',392,0),('physnet_hybrid',393,0),('physnet_hybrid',394,0),('physnet_hybrid',395,0),('physnet_hybrid',396,0),('physnet_hybrid',397,0),('physnet_hybrid',398,0),('physnet_hybrid',399,0),('physnet_hybrid',400,0),('physnet_hybrid',401,0),('physnet_hybrid',402,0),('physnet_hybrid',403,0),('physnet_hybrid',404,0),('physnet_hybrid',405,0),('physnet_hybrid',406,0),('physnet_hybrid',407,0),('physnet_hybrid',408,0),('physnet_hybrid',409,0),('physnet_hybrid',410,0),('physnet_hybrid',411,0),('physnet_hybrid',412,0),('physnet_hybrid',413,0),('physnet_hybrid',414,0),('physnet_hybrid',415,0),('physnet_hybrid',416,0),('physnet_hybrid',417,0),('physnet_hybrid',418,0),('physnet_hybrid',419,0),('physnet_hybrid',420,0),('physnet_hybrid',421,0),('physnet_hybrid',422,0),('physnet_hybrid',423,0),('physnet_hybrid',424,0),('physnet_hybrid',425,0),('physnet_hybrid',426,0),('physnet_hybrid',427,0),('physnet_hybrid',428,0),('physnet_hybrid',429,0),('physnet_hybrid',430,0),('physnet_hybrid',431,0),('physnet_hybrid',432,0),('physnet_hybrid',433,0),('physnet_hybrid',434,0),('physnet_hybrid',435,0),('physnet_hybrid',436,0),('physnet_hybrid',437,0),('physnet_hybrid',438,0),('physnet_hybrid',439,0),('physnet_hybrid',440,0),('physnet_hybrid',441,0),('physnet_hybrid',442,0),('physnet_hybrid',443,0),('physnet_hybrid',444,0),('physnet_hybrid',445,0),('physnet_hybrid',446,0),('physnet_hybrid',447,0),('physnet_hybrid',448,0),('physnet_hybrid',449,0),('physnet_hybrid',450,0),('physnet_hybrid',451,0),('physnet_hybrid',452,0),('physnet_hybrid',453,0),('physnet_hybrid',454,0),('physnet_hybrid',455,0),('physnet_hybrid',456,0),('physnet_hybrid',457,0),('physnet_hybrid',458,0),('physnet_hybrid',459,0),('physnet_hybrid',460,0),('physnet_hybrid',461,0),('physnet_hybrid',462,0),('physnet_hybrid',463,0),('physnet_hybrid',464,0),('physnet_hybrid',465,0),('physnet_hybrid',466,0),('physnet_hybrid',467,0),('physnet_hybrid',468,0),('physnet_hybrid',469,0),('physnet_hybrid',470,0),('physnet_hybrid',471,0),('physnet_hybrid',472,0),('physnet_hybrid',473,0),('physnet_hybrid',474,0),('physnet_hybrid',475,0),('physnet_hybrid',476,0),('physnet_hybrid',477,0),('physnet_hybrid',478,0),('physnet_hybrid',479,0),('physnet_hybrid',480,0),('physnet_hybrid',481,0),('physnet_hybrid',482,0),('physnet_hybrid',483,0),('physnet_hybrid',484,0),('physnet_hybrid',485,0),('physnet_hybrid',486,0),('physnet_hybrid',487,0),('physnet_hybrid',488,0),('physnet_hybrid',489,0),('physnet_hybrid',490,0),('physnet_hybrid',491,0),('physnet_hybrid',492,0),('physnet_hybrid',493,0),('physnet_hybrid',494,0),('physnet_hybrid',495,0),('physnet_hybrid',496,0),('physnet_hybrid',497,0),('physnet_hybrid',498,0),('physnet_hybrid',499,0),('physnet_hybrid',500,0),('physnet_hybrid',501,0),('physnet_hybrid',502,0),('physnet_hybrid',503,0),('physnet_hybrid',504,0),('physnet_hybrid',505,0),('physnet_hybrid',506,0),('physnet_hybrid',507,0),('physnet_hybrid',508,0),('physnet_hybrid',509,0),('physnet_hybrid',510,0),('physnet_hybrid',511,0),('physnet_hybrid',512,0),('physnet_hybrid',513,0),('physnet_hybrid',514,0),('physnet_hybrid',515,0),('physnet_hybrid',516,0),('physnet_hybrid',517,0),('physnet_hybrid',518,0),('physnet_hybrid',519,0),('physnet_hybrid',520,0),('physnet_hybrid',521,0),('physnet_hybrid',522,0),('physnet_hybrid',523,0),('physnet_hybrid',524,0),('physnet_hybrid',525,0),('physnet_hybrid',526,0),('physnet_hybrid',527,0),('physnet_hybrid',528,0),('physnet_hybrid',529,0),('physnet_hybrid',530,0),('physnet_hybrid',531,0),('physnet_hybrid',532,0),('physnet_hybrid',533,0),('physnet_hybrid',534,0),('physnet_hybrid',535,0),('physnet_hybrid',536,0),('physnet_hybrid',537,0),('physnet_hybrid',538,0),('physnet_hybrid',539,0),('physnet_hybrid',540,0),('physnet_hybrid',541,0),('physnet_hybrid',542,0),('physnet_hybrid',543,0),('physnet_hybrid',544,0),('physnet_hybrid',545,0),('physnet_hybrid',546,0),('physnet_hybrid',547,0),('physnet_hybrid',548,0),('physnet_hybrid',549,0),('physnet_hybrid',550,0),('physnet_hybrid',551,0),('physnet_hybrid',552,0),('physnet_hybrid',553,0),('physnet_hybrid',554,0),('physnet_hybrid',555,0),('physnet_hybrid',556,0),('physnet_hybrid',557,0),('physnet_hybrid',558,0),('physnet_hybrid',559,0),('physnet_hybrid',560,0),('physnet_hybrid',561,0),('physnet_hybrid',562,0),('physnet_hybrid',563,0),('physnet_hybrid',564,0),('physnet_hybrid',565,0),('physnet_hybrid',566,0),('physnet_hybrid',567,0),('physnet_hybrid',568,0),('physnet_hybrid',569,0),('physnet_hybrid',570,0),('physnet_hybrid',571,0),('physnet_hybrid',572,0),('physnet_hybrid',573,0),('physnet_hybrid',574,0),('physnet_hybrid',575,0),('physnet_hybrid',576,0),('physnet_hybrid',577,0),('physnet_hybrid',578,0),('physnet_hybrid',579,0),('physnet_hybrid',580,0),('physnet_hybrid',581,0),('physnet_hybrid',582,0),('physnet_hybrid',583,0),('physnet_hybrid',584,0),('physnet_hybrid',585,0),('physnet_hybrid',586,0),('physnet_hybrid',587,0),('physnet_hybrid',588,0),('physnet_hybrid',589,0),('physnet_hybrid',590,0),('physnet_hybrid',591,0),('physnet_hybrid',592,0),('physnet_hybrid',593,0),('physnet_hybrid',594,0),('physnet_hybrid',595,0),('physnet_hybrid',596,0),('physnet_hybrid',597,0),('physnet_hybrid',598,0),('physnet_hybrid',599,0),('physnet_hybrid',600,0),('physnet_hybrid',601,0),('physnet_hybrid',602,0),('physnet_hybrid',603,0),('physnet_hybrid',604,0),('physnet_hybrid',605,0),('physnet_hybrid',606,0),('physnet_hybrid',607,0),('physnet_hybrid',608,0),('physnet_hybrid',609,0),('physnet_hybrid',610,0),('physnet_hybrid',611,0),('physnet_hybrid',612,0),('physnet_hybrid',613,0),('physnet_hybrid',614,0),('physnet_hybrid',615,0),('physnet_hybrid',616,0),('physnet_hybrid',617,0),('physnet_hybrid',618,0),('physnet_hybrid',619,0),('physnet_hybrid',620,0),('physnet_hybrid',621,0),('physnet_hybrid',622,0),('physnet_hybrid',623,0),('physnet_hybrid',624,0),('physnet_hybrid',625,0),('physnet_hybrid',626,0),('physnet_hybrid',627,0),('physnet_hybrid',628,0),('physnet_hybrid',629,0),('physnet_hybrid',630,0),('physnet_hybrid',631,0),('physnet_hybrid',632,0),('physnet_hybrid',633,0),('physnet_hybrid',634,0),('physnet_hybrid',635,0),('physnet_hybrid',636,0),('physnet_hybrid',637,0),('physnet_hybrid',638,0),('physnet_hybrid',639,0),('physnet_hybrid',640,0),('physnet_hybrid',641,0),('physnet_hybrid',642,0),('physnet_hybrid',643,0),('physnet_hybrid',644,0),('physnet_hybrid',645,0),('physnet_hybrid',646,0),('physnet_hybrid',647,0),('physnet_hybrid',648,0),('physnet_hybrid',649,0),('physnet_hybrid',650,0),('physnet_hybrid',651,0),('physnet_hybrid',652,0),('physnet_hybrid',653,0),('physnet_hybrid',654,0),('physnet_hybrid',655,0),('physnet_hybrid',656,0),('physnet_hybrid',657,0),('physnet_hybrid',658,0),('physnet_hybrid',659,0),('physnet_hybrid',660,0),('physnet_hybrid',661,0),('physnet_hybrid',662,0),('physnet_hybrid',663,0),('physnet_hybrid',664,0),('physnet_hybrid',665,0),('physnet_hybrid',666,0),('physnet_hybrid',667,0),('physnet_hybrid',668,0),('physnet_hybrid',669,0),('physnet_hybrid',670,0),('physnet_hybrid',671,0),('physnet_hybrid',672,0),('physnet_hybrid',673,0),('physnet_hybrid',674,0),('physnet_hybrid',675,0),('physnet_hybrid',676,0),('physnet_hybrid',677,0),('physnet_hybrid',678,0),('physnet_hybrid',679,0),('physnet_hybrid',680,0),('physnet_hybrid',681,0),('physnet_hybrid',682,0),('physnet_hybrid',683,0),('physnet_hybrid',684,0),('physnet_hybrid',685,0),('physnet_hybrid',686,0),('physnet_hybrid',687,0),('physnet_hybrid',688,0),('physnet_hybrid',689,0),('physnet_hybrid',690,0),('physnet_hybrid',691,0),('physnet_hybrid',692,0),('physnet_hybrid',693,0),('physnet_hybrid',694,0),('physnet_hybrid',695,0),('physnet_hybrid',696,0),('physnet_hybrid',697,0),('physnet_hybrid',698,0),('physnet_hybrid',699,0),('physnet_hybrid',700,0),('physnet_hybrid',701,0),('physnet_hybrid',702,0),('physnet_hybrid',703,0),('physnet_hybrid',704,0),('physnet_hybrid',705,0),('physnet_hybrid',706,0),('physnet_hybrid',707,0),('physnet_hybrid',708,0),('physnet_hybrid',709,0),('physnet_hybrid',710,0),('physnet_hybrid',711,0),('physnet_hybrid',712,0),('physnet_hybrid',713,0),('physnet_hybrid',714,0),('physnet_hybrid',715,0),('physnet_hybrid',716,0),('physnet_hybrid',717,0),('physnet_hybrid',718,0),('physnet_hybrid',719,0),('physnet_hybrid',720,0),('physnet_hybrid',721,0),('physnet_hybrid',722,0),('physnet_hybrid',723,0),('physnet_hybrid',724,0),('physnet_hybrid',725,0),('physnet_hybrid',726,0),('physnet_hybrid',727,0),('physnet_hybrid',728,0),('physnet_hybrid',729,0),('physnet_hybrid',730,0),('physnet_hybrid',731,0),('physnet_hybrid',732,0),('physnet_hybrid',733,0),('physnet_hybrid',734,0),('physnet_hybrid',735,0),('physnet_hybrid',736,0),('physnet_hybrid',737,0),('physnet_hybrid',738,0),('physnet_hybrid',739,0),('physnet_hybrid',740,0),('physnet_hybrid',741,0),('physnet_hybrid',742,0),('physnet_hybrid',743,0),('physnet_hybrid',744,0),('physnet_hybrid',745,0),('physnet_hybrid',746,0),('physnet_hybrid',747,0),('physnet_hybrid',748,0),('physnet_hybrid',749,0),('physnet_hybrid',750,0),('physnet_hybrid',751,0),('physnet_hybrid',752,0),('physnet_hybrid',753,0),('physnet_hybrid',754,0),('physnet_hybrid',755,0),('physnet_hybrid',756,0),('physnet_hybrid',757,0),('physnet_hybrid',758,0),('physnet_hybrid',759,0),('physnet_hybrid',760,0),('physnet_hybrid',761,0),('physnet_hybrid',762,0),('physnet_hybrid',763,0),('physnet_hybrid',764,0),('physnet_hybrid',765,0),('physnet_hybrid',766,0),('physnet_hybrid',767,0),('physnet_hybrid',768,0),('physnet_hybrid',769,0),('physnet_hybrid',770,0),('physnet_hybrid',771,0),('physnet_hybrid',772,0),('physnet_hybrid',773,0),('physnet_hybrid',774,0),('physnet_hybrid',775,0),('physnet_hybrid',776,0),('physnet_hybrid',777,0),('physnet_hybrid',778,0),('physnet_hybrid',779,0),('physnet_hybrid',780,0),('physnet_hybrid',781,0),('physnet_hybrid',782,0),('physnet_hybrid',783,0),('physnet_hybrid',784,0),('physnet_hybrid',785,0),('physnet_hybrid',786,0),('physnet_hybrid',787,0),('physnet_hybrid',788,0),('physnet_hybrid',789,0),('physnet_hybrid',790,0),('physnet_hybrid',791,0),('physnet_hybrid',792,0),('physnet_hybrid',793,0),('physnet_hybrid',794,0),('physnet_hybrid',795,0),('physnet_hybrid',796,0),('physnet_hybrid',797,0),('physnet_hybrid',798,0),('physnet_hybrid',799,0),('physnet_hybrid',800,0),('physnet_hybrid',801,0),('physnet_hybrid',802,0),('physnet_hybrid',803,0),('physnet_hybrid',804,0),('physnet_hybrid',805,0),('physnet_hybrid',806,0),('physnet_hybrid',807,0),('physnet_hybrid',808,0),('physnet_hybrid',809,0),('physnet_hybrid',810,0),('physnet_hybrid',811,0),('physnet_hybrid',812,0),('physnet_hybrid',813,0),('physnet_hybrid',814,0),('physnet_hybrid',815,0),('physnet_hybrid',816,0),('physnet_hybrid',817,0),('physnet_hybrid',818,0),('physnet_hybrid',819,0),('physnet_hybrid',820,0),('physnet_hybrid',821,0),('physnet_hybrid',822,0),('physnet_hybrid',823,0),('physnet_hybrid',824,0),('physnet_hybrid',825,0),('physnet_hybrid',826,0),('physnet_hybrid',827,0),('physnet_hybrid',828,0),('physnet_hybrid',829,0),('physnet_hybrid',830,0),('physnet_hybrid',831,0),('physnet_hybrid',832,0),('physnet_hybrid',833,0),('physnet_hybrid',834,0),('physnet_hybrid',835,0),('physnet_hybrid',836,0),('physnet_hybrid',837,0),('physnet_hybrid',838,0),('physnet_hybrid',839,0),('physnet_hybrid',840,0),('physnet_hybrid',841,0),('physnet_hybrid',842,0),('physnet_hybrid',843,0),('physnet_hybrid',844,0),('physnet_hybrid',845,0),('physnet_hybrid',846,0),('physnet_hybrid',847,0),('physnet_hybrid',848,0),('physnet_hybrid',849,0),('physnet_hybrid',850,0),('physnet_hybrid',851,0),('physnet_hybrid',852,0),('physnet_hybrid',853,0),('physnet_hybrid',854,0),('physnet_hybrid',855,0),('physnet_hybrid',856,0),('physnet_hybrid',857,0),('physnet_hybrid',858,0),('physnet_hybrid',859,0),('physnet_hybrid',860,0),('physnet_hybrid',861,0),('physnet_hybrid',862,0),('physnet_hybrid',863,0),('physnet_hybrid',864,0),('physnet_hybrid',865,0),('physnet_hybrid',866,0),('physnet_hybrid',867,0),('physnet_hybrid',868,0),('physnet_hybrid',869,0),('physnet_hybrid',870,0),('physnet_hybrid',871,0),('physnet_hybrid',872,0),('physnet_hybrid',873,0),('physnet_hybrid',874,0),('physnet_hybrid',875,0),('physnet_hybrid',876,0),('physnet_hybrid',877,0),('physnet_hybrid',878,0),('physnet_hybrid',879,0),('physnet_hybrid',880,0),('physnet_hybrid',881,0),('physnet_hybrid',882,0),('physnet_hybrid',883,0),('physnet_hybrid',884,0),('physnet_hybrid',885,0),('physnet_hybrid',886,0),('physnet_hybrid',887,0),('physnet_hybrid',888,0),('physnet_hybrid',889,0),('physnet_hybrid',890,0),('physnet_hybrid',891,0),('physnet_hybrid',892,0),('physnet_hybrid',893,0),('physnet_hybrid',894,0),('physnet_hybrid',895,0),('physnet_hybrid',896,0),('physnet_hybrid',897,0),('physnet_hybrid',898,0),('physnet_hybrid',899,0),('physnet_hybrid',900,0),('physnet_hybrid',901,0),('physnet_hybrid',902,0),('physnet_hybrid',903,0),('physnet_hybrid',904,0),('physnet_hybrid',905,0),('physnet_hybrid',906,0),('physnet_hybrid',907,0),('physnet_hybrid',908,0),('physnet_hybrid',909,0),('physnet_hybrid',910,0),('physnet_hybrid',911,0),('physnet_hybrid',912,0),('physnet_hybrid',913,0),('physnet_hybrid',914,0),('physnet_hybrid',915,0),('physnet_hybrid',916,0),('physnet_hybrid',917,0),('physnet_hybrid',918,0),('physnet_hybrid',919,0),('physnet_hybrid',920,0),('physnet_hybrid',921,0),('physnet_hybrid',922,0),('physnet_hybrid',923,0),('physnet_hybrid',924,0),('physnet_hybrid',925,0),('physnet_hybrid',926,0),('physnet_hybrid',927,0),('physnet_hybrid',928,0),('physnet_hybrid',929,0),('physnet_hybrid',930,0),('physnet_hybrid',931,0),('physnet_hybrid',932,0),('physnet_hybrid',933,0),('physnet_hybrid',934,0),('physnet_hybrid',935,0),('physnet_hybrid',936,0),('physnet_hybrid',937,0),('physnet_hybrid',938,0),('physnet_hybrid',939,0),('physnet_hybrid',940,0),('physnet_hybrid',941,0),('physnet_hybrid',942,0),('physnet_hybrid',943,0),('physnet_hybrid',944,0),('physnet_hybrid',945,0),('physnet_hybrid',946,0),('physnet_hybrid',947,0),('physnet_hybrid',948,0),('physnet_hybrid',949,0),('physnet_hybrid',950,0),('physnet_hybrid',951,0),('physnet_hybrid',952,0),('physnet_hybrid',953,0),('physnet_hybrid',954,0),('physnet_hybrid',955,0),('physnet_hybrid',956,0),('physnet_hybrid',957,0),('physnet_hybrid',958,0),('physnet_hybrid',959,0),('physnet_hybrid',960,0),('physnet_hybrid',961,0),('physnet_hybrid',962,0),('physnet_hybrid',963,0),('physnet_hybrid',964,0),('physnet_hybrid',965,0),('physnet_hybrid',966,0),('physnet_hybrid',967,0),('physnet_hybrid',968,0),('physnet_hybrid',969,0),('physnet_hybrid',970,0),('physnet_hybrid',971,0),('physnet_hybrid',972,0),('physnet_hybrid',973,0),('physnet_hybrid',974,0),('physnet_hybrid',975,0),('physnet_hybrid',976,0),('physnet_hybrid',977,0),('physnet_hybrid',978,0),('physnet_hybrid',979,0),('physnet_hybrid',980,0),('physnet_hybrid',981,0),('physnet_hybrid',982,0),('physnet_hybrid',983,0),('physnet_hybrid',984,0),('physnet_hybrid',985,0),('physnet_hybrid',986,0),('physnet_hybrid',987,0),('physnet_hybrid',988,0),('physnet_hybrid',989,0),('physnet_hybrid',990,0),('physnet_hybrid',991,0),('physnet_hybrid',992,0),('physnet_hybrid',993,0),('physnet_hybrid',994,0),('physnet_hybrid',995,0),('physnet_hybrid',996,0),('physnet_hybrid',997,0),('physnet_hybrid',998,0),('physnet_hybrid',999,0),('physnet_hybrid',1000,0),('physnet_hybrid',1001,0),('physnet_hybrid',1002,0),('physnet_hybrid',1003,0),('physnet_hybrid',1004,0),('physnet_hybrid',1005,0),('physnet_hybrid',1006,0),('physnet_hybrid',1007,0),('physnet_hybrid',1008,0),('physnet_hybrid',1009,0),('physnet_hybrid',1010,0),('physnet_hybrid',1011,0),('physnet_hybrid',1012,0),('physnet_hybrid',1013,0),('physnet_hybrid',1014,0),('physnet_hybrid',1015,0),('physnet_hybrid',1016,0),('physnet_hybrid',1017,0),('physnet_hybrid',1018,0),('physnet_hybrid',1019,0),('physnet_hybrid',1020,0),('physnet_hybrid',1021,0),('physnet_hybrid',1022,0),('physnet_hybrid',1023,0),('physnet_hybrid',1024,0),('physnet_hybrid',1025,0),('physnet_hybrid',1026,0),('physnet_hybrid',1027,0),('physnet_hybrid',1028,0),('physnet_hybrid',1029,0),('physnet_hybrid',1030,0),('physnet_hybrid',1031,0),('physnet_hybrid',1032,0),('physnet_hybrid',1033,0),('physnet_hybrid',1034,0),('physnet_hybrid',1035,0),('physnet_hybrid',1036,0),('physnet_hybrid',1037,0),('physnet_hybrid',1038,0),('physnet_hybrid',1039,0),('physnet_hybrid',1040,0),('physnet_hybrid',1041,0),('physnet_hybrid',1042,0),('physnet_hybrid',1043,0),('physnet_hybrid',1044,0),('physnet_hybrid',1045,0),('physnet_hybrid',1046,0),('physnet_hybrid',1047,0),('physnet_hybrid',1048,0),('physnet_hybrid',1049,0),('physnet_hybrid',1050,0),('physnet_hybrid',1051,0),('physnet_hybrid',1052,0),('physnet_hybrid',1053,0),('physnet_hybrid',1054,0),('physnet_hybrid',1055,0),('physnet_hybrid',1056,0),('physnet_hybrid',1057,0),('physnet_hybrid',1058,0),('physnet_hybrid',1059,0),('physnet_hybrid',1060,0),('physnet_hybrid',1061,0),('physnet_hybrid',1062,0),('physnet_hybrid',1063,0),('physnet_hybrid',1064,0),('physnet_hybrid',1065,0),('physnet_hybrid',1066,0),('physnet_hybrid',1067,0),('physnet_hybrid',1068,0),('physnet_hybrid',1069,0),('physnet_hybrid',1070,0),('physnet_hybrid',1071,0),('physnet_hybrid',1072,0),('physnet_hybrid',1073,0),('physnet_hybrid',1074,0),('physnet_hybrid',1075,0),('physnet_hybrid',1076,0),('physnet_hybrid',1077,0),('physnet_hybrid',1078,0),('physnet_hybrid',1079,0),('physnet_hybrid',1080,0),('physnet_hybrid',1081,0),('physnet_hybrid',1082,0),('physnet_hybrid',1083,0),('physnet_hybrid',1084,0),('physnet_hybrid',1085,0),('physnet_hybrid',1086,0),('physnet_hybrid',1087,0),('physnet_hybrid',1088,0),('physnet_hybrid',1089,0),('physnet_hybrid',1090,0),('physnet_hybrid',1091,0),('physnet_hybrid',1092,0),('physnet_hybrid',1093,0),('physnet_hybrid',1094,0),('physnet_hybrid',1095,0),('physnet_hybrid',1096,0),('physnet_hybrid',1097,0),('physnet_hybrid',1098,0),('physnet_hybrid',1099,0),('physnet_hybrid',1100,0),('physnet_hybrid',1101,0),('physnet_hybrid',1102,0),('physnet_hybrid',1103,0),('physnet_hybrid',1104,0),('physnet_hybrid',1105,0),('physnet_hybrid',1106,0),('physnet_hybrid',1107,0),('physnet_hybrid',1108,0),('physnet_hybrid',1109,0),('physnet_hybrid',1110,0),('physnet_hybrid',1111,0),('physnet_hybrid',1112,0),('physnet_hybrid',1113,0),('physnet_hybrid',1114,0),('physnet_hybrid',1115,0),('physnet_hybrid',1116,0),('physnet_hybrid',1117,0),('physnet_hybrid',1118,0),('physnet_hybrid',1119,0),('physnet_hybrid',1120,0),('physnet_hybrid',1121,0),('physnet_hybrid',1122,0),('physnet_hybrid',1123,0),('physnet_hybrid',1124,0),('physnet_hybrid',1125,0),('physnet_hybrid',1126,0),('physnet_hybrid',1127,0),('physnet_hybrid',1128,0),('physnet_hybrid',1129,0),('physnet_hybrid',1130,0),('physnet_hybrid',1131,0),('physnet_hybrid',1132,0),('physnet_hybrid',1133,0),('physnet_hybrid',1134,0),('physnet_hybrid',1135,0),('physnet_hybrid',1136,0),('physnet_hybrid',1137,0),('physnet_hybrid',1138,0),('physnet_hybrid',1139,0),('physnet_hybrid',1140,0),('physnet_hybrid',1141,0),('physnet_hybrid',1142,0),('physnet_hybrid',1143,0),('physnet_hybrid',1144,0),('physnet_hybrid',1145,0),('physnet_hybrid',1146,0),('physnet_hybrid',1147,0),('physnet_hybrid',1148,0),('physnet_hybrid',1149,0),('physnet_hybrid',1150,0),('physnet_hybrid',1151,0),('physnet_hybrid',1152,0),('physnet_hybrid',1153,0),('physnet_hybrid',1154,0),('physnet_hybrid',1155,0),('physnet_hybrid',1156,0),('physnet_hybrid',1157,0),('physnet_hybrid',1158,0),('physnet_hybrid',1159,0),('physnet_hybrid',1160,0),('physnet_hybrid',1161,0),('physnet_hybrid',1162,0),('physnet_hybrid',1163,0),('physnet_hybrid',1164,0),('physnet_hybrid',1165,0),('physnet_hybrid',1166,0),('physnet_hybrid',1167,0),('physnet_hybrid',1168,0),('physnet_hybrid',1169,0),('physnet_hybrid',1170,0),('physnet_hybrid',1171,0),('physnet_hybrid',1172,0),('physnet_hybrid',1173,0),('physnet_hybrid',1174,0),('physnet_hybrid',1175,0),('physnet_hybrid',1176,0),('physnet_hybrid',1177,0),('physnet_hybrid',1178,0),('physnet_hybrid',1179,0),('physnet_hybrid',1180,0),('physnet_hybrid',1181,0),('physnet_hybrid',1182,0),('physnet_hybrid',1183,0),('physnet_hybrid',1184,0),('physnet_hybrid',1185,0),('physnet_hybrid',1186,0),('physnet_hybrid',1187,0),('physnet_hybrid',1188,0),('physnet_hybrid',1189,0),('physnet_hybrid',1190,0),('physnet_hybrid',1191,0),('physnet_hybrid',1192,0),('physnet_hybrid',1193,0),('physnet_hybrid',1194,0),('physnet_hybrid',1195,0),('physnet_hybrid',1196,0),('physnet_hybrid',1197,0),('physnet_hybrid',1198,0),('physnet_hybrid',1199,0),('physnet_hybrid',1200,0),('physnet_hybrid',1201,0),('physnet_hybrid',1202,0),('physnet_hybrid',1203,0),('physnet_hybrid',1204,0),('physnet_hybrid',1205,0),('physnet_hybrid',1206,0),('physnet_hybrid',1207,0),('physnet_hybrid',1208,0),('physnet_hybrid',1209,0),('physnet_hybrid',1210,0),('physnet_hybrid',1211,0),('physnet_hybrid',1212,0),('physnet_hybrid',1213,0),('physnet_hybrid',1214,0),('physnet_hybrid',1215,0),('physnet_hybrid',1216,0),('physnet_hybrid',1217,0),('physnet_hybrid',1218,0),('physnet_hybrid',1219,0),('physnet_hybrid',1220,0),('physnet_hybrid',1221,0),('physnet_hybrid',1222,0),('physnet_hybrid',1223,0),('physnet_hybrid',1224,0),('physnet_hybrid',1225,0),('physnet_hybrid',1226,0),('physnet_hybrid',1227,0),('physnet_hybrid',1228,0),('physnet_hybrid',1229,0),('physnet_hybrid',1230,0),('physnet_hybrid',1231,0),('physnet_hybrid',1232,0),('physnet_hybrid',1233,0),('physnet_hybrid',1234,0),('physnet_hybrid',1235,0),('physnet_hybrid',1236,0),('physnet_hybrid',1237,0),('physnet_hybrid',1238,0),('physnet_hybrid',1239,0),('physnet_hybrid',1240,0),('physnet_hybrid',1241,0),('physnet_hybrid',1242,0),('physnet_hybrid',1243,0),('physnet_hybrid',1244,0),('physnet_hybrid',1245,0),('physnet_hybrid',1246,0),('physnet_hybrid',1247,0),('physnet_hybrid',1248,0),('physnet_hybrid',1249,0),('physnet_hybrid',1250,0),('physnet_hybrid',1251,0),('physnet_hybrid',1252,0),('physnet_hybrid',1253,0),('physnet_hybrid',1254,0),('physnet_hybrid',1255,0),('physnet_hybrid',1256,0),('physnet_hybrid',1257,0),('physnet_hybrid',1258,0),('physnet_hybrid',1259,0),('physnet_hybrid',1260,0),('physnet_hybrid',1261,0),('physnet_hybrid',1262,0),('physnet_hybrid',1263,0),('physnet_hybrid',1264,0),('physnet_hybrid',1265,0),('physnet_hybrid',1266,0),('physnet_hybrid',1267,0),('physnet_hybrid',1268,0),('physnet_hybrid',1269,0),('physnet_hybrid',1270,0),('physnet_hybrid',1271,0),('physnet_hybrid',1272,0),('physnet_hybrid',1273,0),('physnet_hybrid',1274,0),('physnet_hybrid',1275,0),('physnet_hybrid',1276,0),('physnet_hybrid',1277,0),('physnet_hybrid',1278,0),('physnet_hybrid',1279,0),('physnet_hybrid',1280,0),('physnet_hybrid',1281,0),('physnet_hybrid',1282,0),('physnet_hybrid',1283,0),('physnet_hybrid',1284,0),('physnet_hybrid',1285,0),('physnet_hybrid',1286,0),('physnet_hybrid',1287,0),('physnet_hybrid',1288,0),('physnet_hybrid',1289,0),('physnet_hybrid',1290,0),('physnet_hybrid',1291,0),('physnet_hybrid',1292,0),('physnet_hybrid',1293,0),('physnet_hybrid',1294,0),('physnet_hybrid',1295,0),('physnet_hybrid',1296,0),('physnet_hybrid',1297,0),('physnet_hybrid',1298,0),('physnet_hybrid',1299,0),('physnet_hybrid',1300,0),('physnet_hybrid',1301,0),('physnet_hybrid',1302,0),('physnet_hybrid',1303,0),('physnet_hybrid',1304,0),('physnet_hybrid',1305,0),('physnet_hybrid',1306,0),('physnet_hybrid',1307,0),('physnet_hybrid',1308,0),('physnet_hybrid',1309,0),('physnet_hybrid',1310,0),('physnet_hybrid',1311,0),('physnet_hybrid',1312,0),('physnet_hybrid',1313,0),('physnet_hybrid',1314,0),('physnet_hybrid',1315,0),('physnet_hybrid',1316,0),('physnet_hybrid',1317,0),('physnet_hybrid',1318,0),('physnet_hybrid',1319,0),('physnet_hybrid',1320,0),('physnet_hybrid',1321,0),('physnet_hybrid',1322,0),('physnet_hybrid',1323,0),('physnet_hybrid',1324,0),('physnet_hybrid',1325,0),('physnet_hybrid',1326,0),('physnet_hybrid',1327,0),('physnet_hybrid',1328,0),('physnet_hybrid',1329,0),('physnet_hybrid',1330,0),('physnet_hybrid',1331,0),('physnet_hybrid',1332,0),('physnet_hybrid',1333,0),('physnet_hybrid',1334,0),('physnet_hybrid',1335,0),('physnet_hybrid',1336,0),('physnet_hybrid',1337,0),('physnet_hybrid',1338,0),('physnet_hybrid',1339,0),('physnet_hybrid',1340,0),('physnet_hybrid',1341,0),('physnet_hybrid',1342,0),('physnet_hybrid',1343,0),('physnet_hybrid',1344,0),('physnet_hybrid',1345,0),('physnet_hybrid',1346,0),('physnet_hybrid',1347,0),('physnet_hybrid',1348,0),('physnet_hybrid',1349,0),('physnet_hybrid',1350,0),('physnet_hybrid',1351,0),('physnet_hybrid',1352,0),('physnet_hybrid',1353,0),('physnet_hybrid',1354,0),('physnet_hybrid',1355,0),('physnet_hybrid',1356,0),('physnet_hybrid',1357,0),('physnet_hybrid',1358,0),('physnet_hybrid',1359,0),('physnet_hybrid',1360,0),('physnet_hybrid',1361,0),('physnet_hybrid',1362,0),('physnet_hybrid',1363,0),('physnet_hybrid',1364,0),('physnet_hybrid',1365,0),('physnet_hybrid',1366,0),('physnet_hybrid',1367,0),('physnet_hybrid',1368,0),('physnet_hybrid',1369,0),('physnet_hybrid',1370,0),('physnet_hybrid',1371,0),('physnet_hybrid',1372,0),('physnet_hybrid',1373,0),('physnet_hybrid',1374,0),('physnet_hybrid',1375,0),('physnet_hybrid',1376,0),('physnet_hybrid',1377,0),('physnet_hybrid',1378,0),('physnet_hybrid',1379,0),('physnet_hybrid',1380,0),('physnet_hybrid',1381,0),('physnet_hybrid',1382,0),('physnet_hybrid',1383,0),('physnet_hybrid',1384,0),('physnet_hybrid',1385,0),('physnet_hybrid',1386,0),('physnet_hybrid',1387,0),('physnet_hybrid',1388,0),('physnet_hybrid',1389,0),('physnet_hybrid',1390,0),('physnet_hybrid',1391,0),('physnet_hybrid',1392,0),('physnet_hybrid',1393,0),('physnet_hybrid',1394,0),('physnet_hybrid',1395,0),('physnet_hybrid',1396,0),('physnet_hybrid',1397,0),('physnet_hybrid',1398,0),('physnet_hybrid',1399,0),('physnet_hybrid',1400,0),('physnet_hybrid',1401,0),('physnet_hybrid',1402,0),('physnet_hybrid',1403,0),('physnet_hybrid',1404,0),('physnet_hybrid',1405,0),('physnet_hybrid',1406,0),('physnet_hybrid',1407,0),('physnet_hybrid',1408,0),('physnet_hybrid',1409,0),('physnet_hybrid',1410,0),('physnet_hybrid',1411,0),('physnet_hybrid',1412,0),('physnet_hybrid',1413,0),('physnet_hybrid',1414,0),('physnet_hybrid',1415,0),('physnet_hybrid',1416,0),('physnet_hybrid',1417,0),('physnet_hybrid',1418,0),('physnet_hybrid',1419,0),('physnet_hybrid',1420,0),('physnet_hybrid',1421,0),('physnet_hybrid',1422,0),('physnet_hybrid',1423,0),('physnet_hybrid',1424,0),('physnet_hybrid',1425,0),('physnet_hybrid',1426,0),('physnet_hybrid',1427,0),('physnet_hybrid',1428,0),('physnet_hybrid',1429,0),('physnet_hybrid',1430,0),('physnet_hybrid',1431,0),('physnet_hybrid',1432,0),('physnet_hybrid',1433,0),('physnet_hybrid',1434,0),('physnet_hybrid',1435,0),('physnet_hybrid',1436,0),('physnet_hybrid',1437,0),('physnet_hybrid',1438,0),('physnet_hybrid',1439,0),('physnet_hybrid',1440,0),('physnet_hybrid',1441,0),('physnet_hybrid',1442,0),('physnet_hybrid',1443,0),('physnet_hybrid',1444,0),('physnet_hybrid',1445,0),('physnet_hybrid',1446,0),('physnet_hybrid',1447,0),('physnet_hybrid',1448,0),('physnet_hybrid',1449,0),('physnet_hybrid',1450,0),('physnet_hybrid',1451,0),('physnet_hybrid',1452,0),('physnet_hybrid',1453,0),('physnet_hybrid',1454,0),('physnet_hybrid',1455,0),('physnet_hybrid',1456,0),('physnet_hybrid',1457,0),('physnet_hybrid',1458,0),('physnet_hybrid',1459,0),('physnet_hybrid',1460,0),('physnet_hybrid',1461,0),('physnet_hybrid',1462,0),('physnet_hybrid',1463,0),('physnet_hybrid',1464,0),('physnet_hybrid',1465,0),('physnet_hybrid',1466,0),('physnet_hybrid',1467,0),('physnet_hybrid',1468,0),('physnet_hybrid',1469,0),('physnet_hybrid',1470,0),('physnet_hybrid',1471,0),('physnet_hybrid',1472,0),('physnet_hybrid',1473,0),('physnet_hybrid',1474,0),('physnet_hybrid',1475,0),('physnet_hybrid',1476,0),('physnet_hybrid',1477,0),('physnet_hybrid',1478,0),('physnet_hybrid',1479,0),('physnet_hybrid',1480,0),('physnet_hybrid',1481,0),('physnet_hybrid',1482,0),('physnet_hybrid',1483,0),('physnet_hybrid',1484,0),('physnet_hybrid',1485,0),('physnet_hybrid',1486,0),('physnet_hybrid',1487,0),('physnet_hybrid',1488,0),('physnet_hybrid',1489,0),('physnet_hybrid',1490,0),('physnet_hybrid',1491,0),('physnet_hybrid',1492,0),('physnet_hybrid',1493,0),('physnet_hybrid',1494,0),('physnet_hybrid',1495,0),('physnet_hybrid',1496,0),('physnet_hybrid',1497,0),('physnet_hybrid',1498,0),('physnet_hybrid',1499,0),('physnet_hybrid',1500,0),('physnet_hybrid',1501,0),('physnet_hybrid',1502,0),('physnet_hybrid',1503,0),('physnet_hybrid',1504,0),('physnet_hybrid',1505,0),('physnet_hybrid',1506,0),('physnet_hybrid',1507,0),('physnet_hybrid',1508,0),('physnet_hybrid',1509,0),('physnet_hybrid',1510,0),('physnet_hybrid',1511,0),('physnet_hybrid',1512,0),('physnet_hybrid',1513,0),('physnet_hybrid',1514,0),('physnet_hybrid',1515,0),('physnet_hybrid',1516,0),('physnet_hybrid',1517,0),('physnet_hybrid',1518,0),('physnet_hybrid',1519,0),('physnet_hybrid',1520,0),('physnet_hybrid',1521,0),('physnet_hybrid',1522,0),('physnet_hybrid',1523,0),('physnet_hybrid',1524,0),('physnet_hybrid',1525,0),('physnet_hybrid',1526,0),('physnet_hybrid',1527,0),('physnet_hybrid',1528,0),('physnet_hybrid',1529,0),('physnet_hybrid',1530,0),('physnet_hybrid',1531,0),('physnet_hybrid',1532,0),('physnet_hybrid',1533,0),('physnet_hybrid',1534,0),('physnet_hybrid',1535,0),('physnet_hybrid',1536,0),('physnet_hybrid',1537,0),('physnet_hybrid',1538,0),('physnet_hybrid',1539,0),('physnet_hybrid',1540,0),('physnet_hybrid',1541,0),('physnet_hybrid',1542,0),('physnet_hybrid',1543,0),('physnet_hybrid',1544,0),('physnet_hybrid',1545,0),('physnet_hybrid',1546,0),('physnet_hybrid',1547,0),('physnet_hybrid',1548,0),('physnet_hybrid',1549,0),('physnet_hybrid',1550,0),('physnet_hybrid',1551,0),('physnet_hybrid',1552,0),('physnet_hybrid',1553,0),('physnet_hybrid',1554,0),('physnet_hybrid',1555,0),('physnet_hybrid',1556,0),('physnet_hybrid',1557,0),('physnet_hybrid',1558,0),('physnet_hybrid',1559,0),('physnet_hybrid',1560,0),('physnet_hybrid',1561,0),('physnet_hybrid',1562,0),('physnet_hybrid',1563,0),('physnet_hybrid',1564,0),('physnet_hybrid',1565,0),('physnet_hybrid',1566,0),('physnet_hybrid',1567,0),('physnet_hybrid',1568,0),('physnet_hybrid',1569,0),('physnet_hybrid',1570,0),('physnet_hybrid',1571,0),('physnet_hybrid',1572,0),('physnet_hybrid',1573,0),('physnet_hybrid',1574,0),('physnet_hybrid',1575,0),('physnet_hybrid',1576,0),('physnet_hybrid',1577,0),('physnet_hybrid',1578,0),('physnet_hybrid',1579,0),('physnet_hybrid',1580,0),('physnet_hybrid',1581,0),('physnet_hybrid',1582,0),('physnet_hybrid',1583,0),('physnet_hybrid',1584,0),('physnet_hybrid',1585,0),('physnet_hybrid',1586,0),('physnet_hybrid',1587,0),('physnet_hybrid',1588,0),('physnet_hybrid',1589,0),('physnet_hybrid',1590,0),('physnet_hybrid',1591,0),('physnet_hybrid',1592,0),('physnet_hybrid',1593,0),('physnet_hybrid',1594,0),('physnet_hybrid',1595,0),('physnet_hybrid',1596,0),('physnet_hybrid',1597,0),('physnet_hybrid',1598,0),('physnet_hybrid',1599,0),('physnet_hybrid',1600,0),('physnet_hybrid',1601,0),('physnet_hybrid',1602,0),('physnet_hybrid',1603,0),('physnet_hybrid',1604,0),('physnet_hybrid',1605,0),('physnet_hybrid',1606,0),('physnet_hybrid',1607,0),('physnet_hybrid',1608,0),('physnet_hybrid',1609,0),('physnet_hybrid',1610,0),('physnet_hybrid',1611,0),('physnet_hybrid',1612,0),('physnet_hybrid',1613,0),('physnet_hybrid',1614,0),('physnet_hybrid',1615,0),('physnet_hybrid',1616,0),('physnet_hybrid',1617,0),('physnet_hybrid',1618,0),('physnet_hybrid',1619,0),('physnet_hybrid',1620,0),('physnet_hybrid',1621,0),('physnet_hybrid',1622,0),('physnet_hybrid',1623,0),('physnet_hybrid',1624,0),('physnet_hybrid',1625,0),('physnet_hybrid',1626,0),('physnet_hybrid',1627,0),('physnet_hybrid',1628,0),('physnet_hybrid',1629,0),('physnet_hybrid',1630,0),('physnet_hybrid',1631,0),('physnet_hybrid',1632,0),('physnet_hybrid',1633,0),('physnet_hybrid',1634,0),('physnet_hybrid',1635,0),('physnet_hybrid',1636,0),('physnet_hybrid',1637,0),('physnet_hybrid',1638,0),('physnet_hybrid',1639,0),('physnet_hybrid',1640,0),('physnet_hybrid',1641,0),('physnet_hybrid',1642,0),('physnet_hybrid',1643,0),('physnet_hybrid',1644,0),('physnet_hybrid',1645,0),('physnet_hybrid',1646,0),('physnet_hybrid',1647,0),('physnet_hybrid',1648,0),('physnet_hybrid',1649,0),('physnet_hybrid',1650,0),('physnet_hybrid',1651,0),('physnet_hybrid',1652,0),('physnet_hybrid',1653,0),('physnet_hybrid',1654,0),('physnet_hybrid',1655,0),('physnet_hybrid',1656,0),('physnet_hybrid',1657,0),('physnet_hybrid',1658,0),('physnet_hybrid',1659,0),('physnet_hybrid',1660,0),('physnet_hybrid',1661,0),('physnet_hybrid',1662,0),('physnet_hybrid',1663,0),('physnet_hybrid',1664,0),('physnet_hybrid',1665,0),('physnet_hybrid',1666,0),('physnet_hybrid',1667,0),('physnet_hybrid',1668,0),('physnet_hybrid',1669,0),('physnet_hybrid',1670,0),('physnet_hybrid',1671,0),('physnet_hybrid',1672,0),('physnet_hybrid',1673,0),('physnet_hybrid',1674,0),('physnet_hybrid',1675,0),('physnet_hybrid',1676,0),('physnet_hybrid',1677,0),('physnet_hybrid',1678,0),('physnet_hybrid',1679,0),('physnet_hybrid',1680,0),('physnet_hybrid',1681,0),('physnet_hybrid',1682,0),('physnet_hybrid',1683,0),('physnet_hybrid',1684,0),('physnet_hybrid',1685,0),('physnet_hybrid',1686,0),('physnet_hybrid',1687,0),('physnet_hybrid',1688,0),('physnet_hybrid',1689,0),('physnet_hybrid',1690,0),('physnet_hybrid',1691,0),('physnet_hybrid',1692,0),('physnet_hybrid',1693,0),('physnet_hybrid',1694,0),('physnet_hybrid',1695,0),('physnet_hybrid',1696,0),('physnet_hybrid',1697,0),('physnet_hybrid',1698,0),('physnet_hybrid',1699,0),('physnet_hybrid',1700,0),('physnet_hybrid',1701,0),('physnet_hybrid',1702,0),('physnet_hybrid',1703,0),('physnet_hybrid',1704,0),('physnet_hybrid',1705,0),('physnet_hybrid',1706,0),('physnet_hybrid',1707,0),('physnet_hybrid',1708,0),('physnet_hybrid',1709,0),('physnet_hybrid',1710,0),('physnet_hybrid',1711,0),('physnet_hybrid',1712,0),('physnet_hybrid',1713,0),('physnet_hybrid',1714,0),('physnet_hybrid',1715,0),('physnet_hybrid',1716,0),('physnet_hybrid',1717,0),('physnet_hybrid',1718,0),('physnet_hybrid',1719,0),('physnet_hybrid',1720,0),('physnet_hybrid',1721,0),('physnet_hybrid',1722,0),('physnet_hybrid',1723,0),('physnet_hybrid',1724,0),('physnet_hybrid',1725,0),('physnet_hybrid',1726,0),('physnet_hybrid',1727,0),('physnet_hybrid',1728,0),('physnet_hybrid',1729,0),('physnet_hybrid',1730,0),('physnet_hybrid',1731,0),('physnet_hybrid',1732,0),('physnet_hybrid',1733,0),('physnet_hybrid',1734,0),('physnet_hybrid',1735,0),('physnet_hybrid',1736,0),('physnet_hybrid',1737,0),('physnet_hybrid',1738,0),('physnet_hybrid',1739,0),('physnet_hybrid',1740,0),('physnet_hybrid',1741,0),('physnet_hybrid',1742,0),('physnet_hybrid',1743,0),('physnet_hybrid',1744,0),('physnet_hybrid',1745,0),('physnet_hybrid',1746,0),('physnet_hybrid',1747,0),('physnet_hybrid',1748,0),('physnet_hybrid',1749,0),('physnet_hybrid',1750,0),('physnet_hybrid',1751,0),('physnet_hybrid',1752,0),('physnet_hybrid',1753,0),('physnet_hybrid',1754,0),('physnet_hybrid',1755,0),('physnet_hybrid',1756,0),('physnet_hybrid',1757,0),('physnet_hybrid',1758,0),('physnet_hybrid',1759,0),('physnet_hybrid',1760,0),('physnet_hybrid',1761,0),('physnet_hybrid',1762,0),('physnet_hybrid',1763,0),('physnet_hybrid',1764,0),('physnet_hybrid',1765,0),('physnet_hybrid',1766,0),('physnet_hybrid',1767,0),('physnet_hybrid',1768,0),('physnet_hybrid',1769,0),('physnet_hybrid',1770,0),('physnet_hybrid',1771,0),('physnet_hybrid',1772,0),('physnet_hybrid',1773,0),('physnet_hybrid',1774,0),('physnet_hybrid',1775,0),('physnet_hybrid',1776,0),('physnet_hybrid',1777,0),('physnet_hybrid',1778,0),('physnet_hybrid',1779,0),('physnet_hybrid',1780,0),('physnet_hybrid',1781,0),('physnet_hybrid',1782,0),('physnet_hybrid',1783,0),('physnet_hybrid',1784,0),('physnet_hybrid',1785,0),('physnet_hybrid',1786,0),('physnet_hybrid',1787,0),('physnet_hybrid',1788,0),('physnet_hybrid',1789,0),('physnet_hybrid',1790,0),('physnet_hybrid',1791,0),('physnet_hybrid',1792,0),('physnet_hybrid',1793,0),('physnet_hybrid',1794,0),('physnet_hybrid',1795,0),('physnet_hybrid',1796,0),('physnet_hybrid',1797,0),('physnet_hybrid',1798,0),('physnet_hybrid',1799,0),('physnet_hybrid',1800,0),('physnet_hybrid',1801,0),('physnet_hybrid',1802,0),('physnet_hybrid',1803,0),('physnet_hybrid',1804,0),('physnet_hybrid',1805,0),('physnet_hybrid',1806,0),('physnet_hybrid',1807,0),('physnet_hybrid',1808,0),('physnet_hybrid',1809,0),('physnet_hybrid',1810,0),('physnet_hybrid',1811,0),('physnet_hybrid',1812,0),('physnet_hybrid',1813,0),('physnet_hybrid',1814,0),('physnet_hybrid',1815,0),('physnet_hybrid',1816,0),('physnet_hybrid',1817,0),('physnet_hybrid',1818,0),('physnet_hybrid',1819,0),('physnet_hybrid',1820,0),('physnet_hybrid',1821,0),('physnet_hybrid',1822,0),('physnet_hybrid',1823,0),('physnet_hybrid',1824,0),('physnet_hybrid',1825,0),('physnet_hybrid',1826,0),('physnet_hybrid',1827,0),('physnet_hybrid',1828,0),('physnet_hybrid',1829,0),('physnet_hybrid',1830,0),('physnet_hybrid',1831,0),('physnet_hybrid',1832,0),('physnet_hybrid',1833,0),('physnet_hybrid',1834,0),('physnet_hybrid',1835,0),('physnet_hybrid',1836,0),('physnet_hybrid',1837,0),('physnet_hybrid',1838,0),('physnet_hybrid',1839,0),('physnet_hybrid',1840,0),('physnet_hybrid',1841,0),('physnet_hybrid',1842,0),('physnet_hybrid',1843,0),('physnet_hybrid',1844,0),('physnet_hybrid',1845,0),('physnet_hybrid',1846,0),('physnet_hybrid',1847,0),('physnet_hybrid',1848,0),('physnet_hybrid',1849,0),('physnet_hybrid',1850,0),('physnet_hybrid',1851,0),('physnet_hybrid',1852,0),('physnet_hybrid',1853,0),('physnet_hybrid',1854,0),('physnet_hybrid',1855,0),('physnet_hybrid',1856,0),('physnet_hybrid',1857,0),('physnet_hybrid',1858,0),('physnet_hybrid',1859,0),('physnet_hybrid',1860,0),('physnet_hybrid',1861,0),('physnet_hybrid',1862,0),('physnet_hybrid',1863,0),('physnet_hybrid',1864,0),('physnet_hybrid',1865,0),('physnet_hybrid',1866,0),('physnet_hybrid',1867,0),('physnet_hybrid',1868,0),('physnet_hybrid',1869,0),('physnet_hybrid',1870,0),('physnet_hybrid',1871,0),('physnet_hybrid',1872,0),('physnet_hybrid',1873,0),('physnet_hybrid',1874,0),('physnet_hybrid',1875,0),('physnet_hybrid',1876,0),('physnet_hybrid',1877,0),('physnet_hybrid',1878,0),('physnet_hybrid',1879,0),('physnet_hybrid',1880,0),('physnet_hybrid',1881,0),('physnet_hybrid',1882,0),('physnet_hybrid',1883,0),('physnet_hybrid',1884,0),('physnet_hybrid',1885,0),('physnet_hybrid',1886,0),('physnet_hybrid',1887,0),('physnet_hybrid',1888,0),('physnet_hybrid',1889,0),('physnet_hybrid',1890,0),('physnet_hybrid',1891,0),('physnet_hybrid',1892,0),('physnet_hybrid',1893,0),('physnet_hybrid',1894,0),('physnet_hybrid',1895,0),('physnet_hybrid',1896,0),('physnet_hybrid',1897,0),('physnet_hybrid',1898,0),('physnet_hybrid',1899,0),('physnet_hybrid',1900,0),('physnet_hybrid',1901,0),('physnet_hybrid',1902,0),('physnet_hybrid',1903,0),('physnet_hybrid',1904,0),('physnet_hybrid',1905,0),('physnet_hybrid',1906,0),('physnet_hybrid',1907,0),('physnet_hybrid',1908,0),('physnet_hybrid',1909,0),('physnet_hybrid',1910,0),('physnet_hybrid',1911,0),('physnet_hybrid',1912,0),('physnet_hybrid',1913,0),('physnet_hybrid',1914,0),('physnet_hybrid',1915,0),('physnet_hybrid',1916,0),('physnet_hybrid',1917,0),('physnet_hybrid',1918,0),('physnet_hybrid',1919,0),('physnet_hybrid',1920,0),('physnet_hybrid',1921,0),('physnet_hybrid',1922,0),('physnet_hybrid',1923,0),('physnet_hybrid',1924,0),('physnet_hybrid',1925,0),('physnet_hybrid',1926,0),('physnet_hybrid',1927,0),('physnet_hybrid',1928,0),('physnet_hybrid',1929,0),('physnet_hybrid',1930,0),('physnet_hybrid',1931,0),('physnet_hybrid',1932,0),('physnet_hybrid',1933,0),('physnet_hybrid',1934,0),('physnet_hybrid',1935,0),('physnet_hybrid',1936,0),('physnet_hybrid',1937,0),('physnet_hybrid',1938,0),('physnet_hybrid',1939,0),('physnet_hybrid',1940,0),('physnet_hybrid',1941,0),('physnet_hybrid',1942,0),('physnet_hybrid',1943,0),('physnet_hybrid',1944,0),('physnet_hybrid',1945,0),('physnet_hybrid',1946,0),('physnet_hybrid',1947,0),('physnet_hybrid',1948,0),('physnet_hybrid',1949,0),('physnet_hybrid',1950,0),('physnet_hybrid',1951,0),('physnet_hybrid',1952,0),('physnet_hybrid',1953,0),('physnet_hybrid',1954,0),('physnet_hybrid',1955,0),('physnet_hybrid',1956,0),('physnet_hybrid',1957,0),('physnet_hybrid',1958,0),('physnet_hybrid',1959,0),('physnet_hybrid',1960,0),('physnet_hybrid',1961,0),('physnet_hybrid',1962,0),('physnet_hybrid',1963,0),('physnet_hybrid',1964,0),('physnet_hybrid',1965,0),('physnet_hybrid',1966,0),('physnet_hybrid',1967,0),('physnet_hybrid',1968,0),('physnet_hybrid',1969,0),('physnet_hybrid',1970,0),('physnet_hybrid',1971,0),('physnet_hybrid',1972,0),('physnet_hybrid',1973,0),('physnet_hybrid',1974,0),('physnet_hybrid',1975,0),('physnet_hybrid',1976,0),('physnet_hybrid',1977,0),('physnet_hybrid',1978,0),('physnet_hybrid',1979,0),('physnet_hybrid',1980,0),('physnet_hybrid',1981,0),('physnet_hybrid',1982,0),('physnet_hybrid',1983,0),('physnet_hybrid',1984,0),('physnet_hybrid',1985,0),('physnet_hybrid',1986,0),('physnet_hybrid',1987,0),('physnet_hybrid',1988,0),('physnet_hybrid',1989,0),('physnet_hybrid',1990,0),('physnet_hybrid',1991,0),('physnet_hybrid',1992,0),('physnet_hybrid',1993,0),('physnet_hybrid',1994,0),('physnet_hybrid',1995,0),('physnet_hybrid',1996,0),('physnet_hybrid',1997,0),('physnet_hybrid',1998,0),('physnet_hybrid',1999,0),('physnet_hybrid',2000,1);
/*!40000 ALTER TABLE `ovs_vlan_allocations` ENABLE KEYS */;
UNLOCK TABLES;

--
-- Table structure for table `portbindingports`
--

DROP TABLE IF EXISTS `portbindingports`;
/*!40101 SET @saved_cs_client     = @@character_set_client */;
/*!40101 SET character_set_client = utf8 */;
CREATE TABLE `portbindingports` (
  `port_id` varchar(36) NOT NULL,
  `host` varchar(255) NOT NULL,
  PRIMARY KEY (`port_id`),
  CONSTRAINT `portbindingports_ibfk_1` FOREIGN KEY (`port_id`) REFERENCES `ports` (`id`) ON DELETE CASCADE
) ENGINE=InnoDB DEFAULT CHARSET=utf8;
/*!40101 SET character_set_client = @saved_cs_client */;

--
-- Dumping data for table `portbindingports`
--

LOCK TABLES `portbindingports` WRITE;
/*!40000 ALTER TABLE `portbindingports` DISABLE KEYS */;
INSERT INTO `portbindingports` VALUES ('02697538-056d-4de3-899a-40daedc0ecb7','havana'),('0a6ae439-518a-4930-b23f-1490fff70274','havana'),('1381ab53-155c-4cc7-93fc-3dbacd27b793','havana'),('16dd87e8-9453-4fbd-994d-0ec9140bc4bb','havana'),('18e8cf70-5799-4230-99bb-93ab24528130','havana'),('1f87d1d1-9427-4bc7-957c-52ea74fc587b','havana'),('204b217f-7f31-4764-810d-0f970419f1f8','havana'),('20b4bfff-9e87-444d-b107-173b47e83c13','havana'),('29aae7c5-f8c9-488e-b331-b0e06c3c65ac','havana'),('2bb53b78-614e-4f21-bd50-b1612f40e95b','havana'),('324871e8-5613-4123-bcd2-ff8123e04e49','havana'),('34517f5a-d112-4bfe-8688-4b20dce99c69','havana'),('6a3bb680-a4d4-45f1-9055-0c1b0c4e0ca7','havana'),('6a7b404d-abb7-4710-9ec3-fe996bce2e6e','havana'),('6bb43af8-5d8e-41ae-8865-f82d7d9ec53d','havana'),('71a08eed-7c22-4412-bab8-27810d731a36','havana'),('71cc0ff6-2d53-4b75-9ec9-b7bcaec4fbee','cnode02'),('765d9faf-ec1a-4cd5-adcc-4d60414f7690','havana'),('7d0c2c95-3f0e-48dc-9173-9100579a1d4b','havana'),('7f848742-6b8e-4d35-b0ff-3b8e93ef38c4','havana'),('8c185a21-bb99-47b3-ab53-cd98728a93a1','havana'),('9f519c4d-9376-4599-97af-5bbbef2eb4af','havana'),('b6a34a22-47ce-436c-80e0-1c06376d7a4a','havana'),('b9bf7f28-4279-4681-83e1-429ab939a47d','havana'),('b9d99881-20f9-4df3-bdc9-dca618cf235c','havana'),('ba5a543b-9ada-4eef-a456-5ae5dbe550f7','havana'),('bc30d6a5-804d-4b08-8762-af039a567b39','havana'),('c1b53078-f552-4120-98d6-928831e94454','havana'),('c881907d-f5ab-4111-8c0a-79292dea5713','havana'),('cba99edf-2102-4e33-ace0-b9aad7f289b2','havana'),('ce125d11-7cb1-4d06-bb23-72deb84d3df7','havana'),('d4819df5-60ec-4f03-9084-8da6b4ac0659','havana'),('e2ae82a1-661b-4075-9cf6-345ae438954e','havana'),('e9ac345f-5d45-4b51-b67b-dbd1bd83587c','havana'),('f06e9463-044d-4dd7-a2c7-53ec611a0413','havana'),('f2b9613e-5394-4184-bebe-8913819f0d4c','havana'),('fcf2978d-ba94-4277-9b02-e97813b717c8','havana');
/*!40000 ALTER TABLE `portbindingports` ENABLE KEYS */;
UNLOCK TABLES;

--
-- Table structure for table `ports`
--

DROP TABLE IF EXISTS `ports`;
/*!40101 SET @saved_cs_client     = @@character_set_client */;
/*!40101 SET character_set_client = utf8 */;
CREATE TABLE `ports` (
  `tenant_id` varchar(255) DEFAULT NULL,
  `id` varchar(36) NOT NULL,
  `name` varchar(255) DEFAULT NULL,
  `network_id` varchar(36) NOT NULL,
  `mac_address` varchar(32) NOT NULL,
  `admin_state_up` tinyint(1) NOT NULL,
  `status` varchar(16) NOT NULL,
  `device_id` varchar(255) NOT NULL,
  `device_owner` varchar(255) NOT NULL,
  PRIMARY KEY (`id`),
  KEY `network_id` (`network_id`),
  CONSTRAINT `ports_ibfk_1` FOREIGN KEY (`network_id`) REFERENCES `networks` (`id`)
) ENGINE=InnoDB DEFAULT CHARSET=utf8;
/*!40101 SET character_set_client = @saved_cs_client */;

--
-- Dumping data for table `ports`
--

LOCK TABLES `ports` WRITE;
/*!40000 ALTER TABLE `ports` DISABLE KEYS */;
INSERT INTO `ports` VALUES ('767bd7be3fd547e383ab3a3887d0de1b','02697538-056d-4de3-899a-40daedc0ecb7','','cd0eee5d-a9a6-4e4a-bf13-35ff02bca831','fa:16:3e:a0:da:52',1,'ACTIVE','c975489c-0aa2-43ca-ac59-284adfddf85a','compute:seocho.seoul.zo.kt'),('767bd7be3fd547e383ab3a3887d0de1b','0a6ae439-518a-4930-b23f-1490fff70274','','7ef77432-45c5-46b4-b22a-5afda4a634fc','fa:16:3e:b7:2b:86',1,'ACTIVE','dhcp910c9717-07c2-580c-aaaf-786a68171613-7ef77432-45c5-46b4-b22a-5afda4a634fc','network:dhcp'),('767bd7be3fd547e383ab3a3887d0de1b','1381ab53-155c-4cc7-93fc-3dbacd27b793','','71939e64-ed97-4fda-b21c-4b6491d681cf','fa:16:3e:a2:3e:64',1,'ACTIVE','ebad8a5e-12f3-4d78-90e6-eb0cb93d8d19','compute:seocho.seoul.zo.kt'),('1b9d71a0af9240ecbab50e4be2f688df','16dd87e8-9453-4fbd-994d-0ec9140bc4bb','','afd6ba0c-ff4c-43a1-b18d-393ccb93a7cc','fa:16:3e:3b:36:4f',1,'ACTIVE','9af445b5-8a55-4c64-ae07-630121342d12','compute:seocho.seoul.zo.kt'),('767bd7be3fd547e383ab3a3887d0de1b','18e8cf70-5799-4230-99bb-93ab24528130','','b2a3440f-2518-4022-9cf7-d99d8ad498dc','fa:16:3e:f0:d0:71',1,'ACTIVE','d1ac0884-9196-4f41-ab74-d998e29a3108','compute:None'),('767bd7be3fd547e383ab3a3887d0de1b','1f87d1d1-9427-4bc7-957c-52ea74fc587b','','71939e64-ed97-4fda-b21c-4b6491d681cf','fa:16:3e:6e:f0:57',1,'ACTIVE','e0932fcd-af82-4ec8-9506-ce99cdef7d48','compute:None'),('767bd7be3fd547e383ab3a3887d0de1b','204b217f-7f31-4764-810d-0f970419f1f8','','24aee268-b01b-47f5-b152-db59d0f15ba2','fa:16:3e:95:e4:d3',1,'ACTIVE','c975489c-0aa2-43ca-ac59-284adfddf85a','compute:seocho.seoul.zo.kt'),('767bd7be3fd547e383ab3a3887d0de1b','20b4bfff-9e87-444d-b107-173b47e83c13','','71939e64-ed97-4fda-b21c-4b6491d681cf','fa:16:3e:60:fc:41',1,'ACTIVE','92790579-9663-40c5-a42d-9e1318d238e3','compute:None'),('1b9d71a0af9240ecbab50e4be2f688df','29aae7c5-f8c9-488e-b331-b0e06c3c65ac','','afd6ba0c-ff4c-43a1-b18d-393ccb93a7cc','fa:16:3e:cd:ff:91',1,'ACTIVE','c7b06caa-8b3d-4ea9-9226-219e97524bba','compute:seocho.seoul.zo.kt'),('','2a725418-37b1-43a2-af5d-ef376e13344b','','1182541b-eaf7-4791-8b1d-6c7378d4e97a','fa:16:3e:2e:9a:61',1,'DOWN','40550615-3383-4b19-938a-c6f12d22543c','network:floatingip'),('','2bb53b78-614e-4f21-bd50-b1612f40e95b','','1182541b-eaf7-4791-8b1d-6c7378d4e97a','fa:16:3e:76:6c:8a',1,'DOWN','51856f8e-afaa-4e7e-ba14-4cb78852f63b','network:router_gateway'),('767bd7be3fd547e383ab3a3887d0de1b','324871e8-5613-4123-bcd2-ff8123e04e49','','cd0eee5d-a9a6-4e4a-bf13-35ff02bca831','fa:16:3e:e1:84:42',1,'ACTIVE','fd72fe38-078f-453e-bda5-30af0f59e702','compute:seocho.seoul.zo.kt'),('767bd7be3fd547e383ab3a3887d0de1b','34517f5a-d112-4bfe-8688-4b20dce99c69','','71939e64-ed97-4fda-b21c-4b6491d681cf','fa:16:3e:11:6f:82',1,'ACTIVE','4848b85f-7936-4bf2-b084-6e1e7fd4bb1a','compute:None'),('','48b2d86f-0019-4f7e-b99f-3a342cc55c4b','','1182541b-eaf7-4791-8b1d-6c7378d4e97a','fa:16:3e:7f:44:4f',1,'DOWN','e73d6c5e-896f-4624-a131-5068035b1078','network:floatingip'),('','5f3b3c1a-d144-4632-89e0-dafbc7b267d1','','1182541b-eaf7-4791-8b1d-6c7378d4e97a','fa:16:3e:67:93:24',1,'DOWN','4a5fa36e-030d-4f04-a2f5-bb98d0021420','network:floatingip'),('767bd7be3fd547e383ab3a3887d0de1b','6a3bb680-a4d4-45f1-9055-0c1b0c4e0ca7','','71939e64-ed97-4fda-b21c-4b6491d681cf','fa:16:3e:52:29:f3',1,'ACTIVE','c204e446-8617-42d1-afd3-3f8355a50cd9','compute:None'),('767bd7be3fd547e383ab3a3887d0de1b','6a7b404d-abb7-4710-9ec3-fe996bce2e6e','','71939e64-ed97-4fda-b21c-4b6491d681cf','fa:16:3e:6a:c9:60',1,'ACTIVE','a6a7aacb-a1d6-4a86-a9be-adbb1ba05503','compute:None'),('767bd7be3fd547e383ab3a3887d0de1b','6bb43af8-5d8e-41ae-8865-f82d7d9ec53d','','b2a3440f-2518-4022-9cf7-d99d8ad498dc','fa:16:3e:03:cd:5f',1,'ACTIVE','73ec07fe-cdaf-4c7e-bedf-7aea80c63449','compute:None'),('767bd7be3fd547e383ab3a3887d0de1b','71a08eed-7c22-4412-bab8-27810d731a36','','b2a3440f-2518-4022-9cf7-d99d8ad498dc','fa:16:3e:34:f6:14',1,'ACTIVE','ebad8a5e-12f3-4d78-90e6-eb0cb93d8d19','compute:seocho.seoul.zo.kt'),('767bd7be3fd547e383ab3a3887d0de1b','71cc0ff6-2d53-4b75-9ec9-b7bcaec4fbee','','7ef77432-45c5-46b4-b22a-5afda4a634fc','fa:16:3e:84:16:51',1,'ACTIVE','878778e7-d7a8-44a8-bef5-58863215441e','compute:seocho.seoul.zo.kt'),('767bd7be3fd547e383ab3a3887d0de1b','765d9faf-ec1a-4cd5-adcc-4d60414f7690','','8b0be953-e4b0-4397-af29-9a377b5330d1','fa:16:3e:e3:99:6a',1,'ACTIVE','c975489c-0aa2-43ca-ac59-284adfddf85a','compute:seocho.seoul.zo.kt'),('','7d0c2c95-3f0e-48dc-9173-9100579a1d4b','','1182541b-eaf7-4791-8b1d-6c7378d4e97a','fa:16:3e:b7:3e:4a',1,'DOWN','d3de3d69-7444-49b1-bec8-827300e7829d','network:router_gateway'),('767bd7be3fd547e383ab3a3887d0de1b','7f848742-6b8e-4d35-b0ff-3b8e93ef38c4','','71939e64-ed97-4fda-b21c-4b6491d681cf','fa:16:3e:e0:bf:59',1,'ACTIVE','b4d00712-3300-43d6-902d-1ddf7001e0c3','compute:None'),('767bd7be3fd547e383ab3a3887d0de1b','8c185a21-bb99-47b3-ab53-cd98728a93a1','','71939e64-ed97-4fda-b21c-4b6491d681cf','fa:16:3e:ed:48:e4',1,'ACTIVE','7947dd80-7ea8-41f4-b802-eb6ded7300dc','compute:None'),('767bd7be3fd547e383ab3a3887d0de1b','9f519c4d-9376-4599-97af-5bbbef2eb4af','','71939e64-ed97-4fda-b21c-4b6491d681cf','fa:16:3e:e7:e2:0a',1,'ACTIVE','d2f22bc4-5039-40d0-8127-05d63021b621','compute:None'),('767bd7be3fd547e383ab3a3887d0de1b','b6a34a22-47ce-436c-80e0-1c06376d7a4a','','7ef77432-45c5-46b4-b22a-5afda4a634fc','fa:16:3e:23:42:4c',1,'ACTIVE','50ae0f92-1c44-4ed5-8452-58d06b0da4e4','network:router_interface'),('767bd7be3fd547e383ab3a3887d0de1b','b9bf7f28-4279-4681-83e1-429ab939a47d','','8b0be953-e4b0-4397-af29-9a377b5330d1','fa:16:3e:2e:88:f4',1,'ACTIVE','cdb30526-27c0-4560-8e6b-ca25742b0e5a','compute:seocho.seoul.zo.kt'),('767bd7be3fd547e383ab3a3887d0de1b','b9d99881-20f9-4df3-bdc9-dca618cf235c','','d38007f0-7508-480c-bef6-94eb56fc995f','fa:16:3e:13:e5:f0',1,'ACTIVE','617da3bb-8008-4e42-9a71-53b884675920','network:router_interface'),('767bd7be3fd547e383ab3a3887d0de1b','ba5a543b-9ada-4eef-a456-5ae5dbe550f7','','491f736e-330a-44f7-afd8-ea75e38c938e','fa:16:3e:36:79:05',1,'ACTIVE','dhcp910c9717-07c2-580c-aaaf-786a68171613-491f736e-330a-44f7-afd8-ea75e38c938e','network:dhcp'),('c473c0e717c44420a5f02743d89790d4','bc30d6a5-804d-4b08-8762-af039a567b39','','1182541b-eaf7-4791-8b1d-6c7378d4e97a','fa:16:3e:d6:4e:a8',1,'ACTIVE','1169523a-adbf-43ac-9177-c1559a87664c','compute:seocho.seoul.zo.kt'),('1b9d71a0af9240ecbab50e4be2f688df','c1b53078-f552-4120-98d6-928831e94454','','afd6ba0c-ff4c-43a1-b18d-393ccb93a7cc','fa:16:3e:f3:74:43',1,'ACTIVE','d3de3d69-7444-49b1-bec8-827300e7829d','network:router_interface'),('767bd7be3fd547e383ab3a3887d0de1b','c881907d-f5ab-4111-8c0a-79292dea5713','','24aee268-b01b-47f5-b152-db59d0f15ba2','fa:16:3e:ac:7a:4c',1,'ACTIVE','c79d6c62-41bb-49f6-93f4-bd9985d44272','compute:seocho.seoul.zo.kt'),('','cba99edf-2102-4e33-ace0-b9aad7f289b2','','1182541b-eaf7-4791-8b1d-6c7378d4e97a','fa:16:3e:f5:34:1c',1,'DOWN','50ae0f92-1c44-4ed5-8452-58d06b0da4e4','network:router_gateway'),('767bd7be3fd547e383ab3a3887d0de1b','ce125d11-7cb1-4d06-bb23-72deb84d3df7','','8b0be953-e4b0-4397-af29-9a377b5330d1','fa:16:3e:73:df:6e',1,'ACTIVE','fd72fe38-078f-453e-bda5-30af0f59e702','compute:seocho.seoul.zo.kt'),('767bd7be3fd547e383ab3a3887d0de1b','d4819df5-60ec-4f03-9084-8da6b4ac0659','','24aee268-b01b-47f5-b152-db59d0f15ba2','fa:16:3e:f2:df:bb',1,'ACTIVE','fd72fe38-078f-453e-bda5-30af0f59e702','compute:seocho.seoul.zo.kt'),('1b9d71a0af9240ecbab50e4be2f688df','e2ae82a1-661b-4075-9cf6-345ae438954e','','afd6ba0c-ff4c-43a1-b18d-393ccb93a7cc','fa:16:3e:d1:12:22',1,'ACTIVE','dhcp910c9717-07c2-580c-aaaf-786a68171613-afd6ba0c-ff4c-43a1-b18d-393ccb93a7cc','network:dhcp'),('767bd7be3fd547e383ab3a3887d0de1b','e9ac345f-5d45-4b51-b67b-dbd1bd83587c','','cd0eee5d-a9a6-4e4a-bf13-35ff02bca831','fa:16:3e:29:e2:e1',1,'ACTIVE','ebad8a5e-12f3-4d78-90e6-eb0cb93d8d19','compute:seocho.seoul.zo.kt'),('767bd7be3fd547e383ab3a3887d0de1b','f06e9463-044d-4dd7-a2c7-53ec611a0413','','d38007f0-7508-480c-bef6-94eb56fc995f','fa:16:3e:77:81:af',1,'ACTIVE','dhcp910c9717-07c2-580c-aaaf-786a68171613-d38007f0-7508-480c-bef6-94eb56fc995f','network:dhcp'),('767bd7be3fd547e383ab3a3887d0de1b','f2b9613e-5394-4184-bebe-8913819f0d4c','','491f736e-330a-44f7-afd8-ea75e38c938e','fa:16:3e:9a:a4:ba',1,'ACTIVE','51856f8e-afaa-4e7e-ba14-4cb78852f63b','network:router_interface'),('','fcf2978d-ba94-4277-9b02-e97813b717c8','','1182541b-eaf7-4791-8b1d-6c7378d4e97a','fa:16:3e:03:99:cf',1,'DOWN','617da3bb-8008-4e42-9a71-53b884675920','network:router_gateway');
/*!40000 ALTER TABLE `ports` ENABLE KEYS */;
UNLOCK TABLES;

--
-- Table structure for table `quotas`
--

DROP TABLE IF EXISTS `quotas`;
/*!40101 SET @saved_cs_client     = @@character_set_client */;
/*!40101 SET character_set_client = utf8 */;
CREATE TABLE `quotas` (
  `id` varchar(36) NOT NULL,
  `tenant_id` varchar(255) DEFAULT NULL,
  `resource` varchar(255) DEFAULT NULL,
  `limit` int(11) DEFAULT NULL,
  PRIMARY KEY (`id`),
  KEY `ix_quotas_tenant_id` (`tenant_id`)
) ENGINE=InnoDB DEFAULT CHARSET=utf8;
/*!40101 SET character_set_client = @saved_cs_client */;

--
-- Dumping data for table `quotas`
--

LOCK TABLES `quotas` WRITE;
/*!40000 ALTER TABLE `quotas` DISABLE KEYS */;
INSERT INTO `quotas` VALUES ('01466b9d-9c72-4bed-b7fc-5dd9c6286f99','a32ff0c46e0c47509d7b36c5b5eee9cf','security_group',1000),('171b1645-dc4b-42c4-b52f-15db4ce6e785','767bd7be3fd547e383ab3a3887d0de1b','floatingip',50),('1ef87c3d-8388-43a2-933e-dc1b83c7090e','03b3b519ea57439ca41b30eb8b7e49ec','port',5000),('276d44f0-2901-414a-9e65-348a54413c57','767bd7be3fd547e383ab3a3887d0de1b','port',500),('277878fe-3ffc-447d-b1db-8c694870f8e5','c473c0e717c44420a5f02743d89790d4','router',10),('2960fbb6-e654-4fb3-bfe0-8ac1aa55a8e5','c473c0e717c44420a5f02743d89790d4','floatingip',50),('30c60454-68eb-4b44-a0a4-22ba1f13c81a','a32ff0c46e0c47509d7b36c5b5eee9cf','router',1000),('311eff64-90f0-40d1-8f36-1b4b3fbef541','03b3b519ea57439ca41b30eb8b7e49ec','security_group',1000),('35842bca-6990-46c1-b1a4-22e38b3c85e2','a32ff0c46e0c47509d7b36c5b5eee9cf','subnet',1000),('37e4ff5d-3a9f-4de7-8bc5-3d2ad6adc418','03b3b519ea57439ca41b30eb8b7e49ec','subnet',1000),('3d36c346-283d-469e-abcf-65e01c9f532e','c473c0e717c44420a5f02743d89790d4','security_group_rule',100),('5a695f30-5d13-4008-9d57-6bc200c9779f','c473c0e717c44420a5f02743d89790d4','network',10),('6a2d4472-8b11-4dba-a669-3cd369854eb3','a32ff0c46e0c47509d7b36c5b5eee9cf','floatingip',5000),('707d02e7-5544-479b-a88f-65e39e57c309','a32ff0c46e0c47509d7b36c5b5eee9cf','port',5000),('897663eb-2ae4-4719-8071-477a21d92d10','767bd7be3fd547e383ab3a3887d0de1b','security_group',100),('89e3960f-368a-41e0-a842-31eac0b44e0b','c473c0e717c44420a5f02743d89790d4','port',50),('930cdb47-4960-4d82-bd09-4252af4ff086','a32ff0c46e0c47509d7b36c5b5eee9cf','security_group_rule',10000),('93f3b504-0924-4423-9c3b-3617410694d4','c473c0e717c44420a5f02743d89790d4','security_group',10),('9b937f34-85f6-44c8-ad72-5e755da5faba','767bd7be3fd547e383ab3a3887d0de1b','network',100),('b3800fb3-8d6c-4373-8094-d82ae11d4465','03b3b519ea57439ca41b30eb8b7e49ec','security_group_rule',10000),('d89a3288-f535-4617-ac8a-b0129f56f36c','03b3b519ea57439ca41b30eb8b7e49ec','router',1000),('ddece077-85d3-4219-aac2-a18a96c50821','03b3b519ea57439ca41b30eb8b7e49ec','floatingip',5000),('de1693ee-54d7-498a-9485-bc50a8c3ecea','03b3b519ea57439ca41b30eb8b7e49ec','network',1000),('e07c22bc-8ce9-4c92-aa5c-7d3dd52879a5','767bd7be3fd547e383ab3a3887d0de1b','security_group_rule',100),('e0b80f5d-da59-4a2b-bdef-700ffc911cfa','767bd7be3fd547e383ab3a3887d0de1b','subnet',10),('e4511463-e5da-4e03-ab39-0168fd0c1ebf','c473c0e717c44420a5f02743d89790d4','subnet',10),('eadb87e2-4cc8-458a-ae40-2a7f15bee25b','767bd7be3fd547e383ab3a3887d0de1b','router',10),('fa4c6956-2c04-4ff2-b817-384c1cb8dfd4','a32ff0c46e0c47509d7b36c5b5eee9cf','network',1000);
/*!40000 ALTER TABLE `quotas` ENABLE KEYS */;
UNLOCK TABLES;

--
-- Table structure for table `routerl3agentbindings`
--

DROP TABLE IF EXISTS `routerl3agentbindings`;
/*!40101 SET @saved_cs_client     = @@character_set_client */;
/*!40101 SET character_set_client = utf8 */;
CREATE TABLE `routerl3agentbindings` (
  `id` varchar(36) NOT NULL,
  `router_id` varchar(36) DEFAULT NULL,
  `l3_agent_id` varchar(36) DEFAULT NULL,
  PRIMARY KEY (`id`),
  KEY `router_id` (`router_id`),
  KEY `l3_agent_id` (`l3_agent_id`),
  CONSTRAINT `routerl3agentbindings_ibfk_1` FOREIGN KEY (`router_id`) REFERENCES `routers` (`id`) ON DELETE CASCADE,
  CONSTRAINT `routerl3agentbindings_ibfk_2` FOREIGN KEY (`l3_agent_id`) REFERENCES `agents` (`id`) ON DELETE CASCADE
) ENGINE=InnoDB DEFAULT CHARSET=utf8;
/*!40101 SET character_set_client = @saved_cs_client */;

--
-- Dumping data for table `routerl3agentbindings`
--

LOCK TABLES `routerl3agentbindings` WRITE;
/*!40000 ALTER TABLE `routerl3agentbindings` DISABLE KEYS */;
INSERT INTO `routerl3agentbindings` VALUES ('053bb064-3d15-4406-aca3-17ed58b66124','50ae0f92-1c44-4ed5-8452-58d06b0da4e4','5b94dae0-56cd-44a5-96c8-97643baed116'),('1dd53f78-7061-4678-81e6-529e65b7fa92','d3de3d69-7444-49b1-bec8-827300e7829d','5b94dae0-56cd-44a5-96c8-97643baed116'),('bc2b7bea-c123-4ff9-b140-4c1724cb5818','617da3bb-8008-4e42-9a71-53b884675920','5b94dae0-56cd-44a5-96c8-97643baed116'),('dbd4a143-2592-4906-90c1-889a5722871a','51856f8e-afaa-4e7e-ba14-4cb78852f63b','5b94dae0-56cd-44a5-96c8-97643baed116');
/*!40000 ALTER TABLE `routerl3agentbindings` ENABLE KEYS */;
UNLOCK TABLES;

--
-- Table structure for table `routerroutes`
--

DROP TABLE IF EXISTS `routerroutes`;
/*!40101 SET @saved_cs_client     = @@character_set_client */;
/*!40101 SET character_set_client = utf8 */;
CREATE TABLE `routerroutes` (
  `destination` varchar(64) NOT NULL,
  `nexthop` varchar(64) NOT NULL,
  `router_id` varchar(36) NOT NULL,
  PRIMARY KEY (`destination`,`nexthop`,`router_id`),
  KEY `router_id` (`router_id`),
  CONSTRAINT `routerroutes_ibfk_1` FOREIGN KEY (`router_id`) REFERENCES `routers` (`id`) ON DELETE CASCADE
) ENGINE=InnoDB DEFAULT CHARSET=utf8;
/*!40101 SET character_set_client = @saved_cs_client */;

--
-- Dumping data for table `routerroutes`
--

LOCK TABLES `routerroutes` WRITE;
/*!40000 ALTER TABLE `routerroutes` DISABLE KEYS */;
/*!40000 ALTER TABLE `routerroutes` ENABLE KEYS */;
UNLOCK TABLES;

--
-- Table structure for table `routers`
--

DROP TABLE IF EXISTS `routers`;
/*!40101 SET @saved_cs_client     = @@character_set_client */;
/*!40101 SET character_set_client = utf8 */;
CREATE TABLE `routers` (
  `tenant_id` varchar(255) DEFAULT NULL,
  `id` varchar(36) NOT NULL,
  `name` varchar(255) DEFAULT NULL,
  `status` varchar(16) DEFAULT NULL,
  `admin_state_up` tinyint(1) DEFAULT NULL,
  `gw_port_id` varchar(36) DEFAULT NULL,
  `enable_snat` tinyint(1) NOT NULL,
  PRIMARY KEY (`id`),
  KEY `gw_port_id` (`gw_port_id`),
  CONSTRAINT `routers_ibfk_1` FOREIGN KEY (`gw_port_id`) REFERENCES `ports` (`id`)
) ENGINE=InnoDB DEFAULT CHARSET=utf8;
/*!40101 SET character_set_client = @saved_cs_client */;

--
-- Dumping data for table `routers`
--

LOCK TABLES `routers` WRITE;
/*!40000 ALTER TABLE `routers` DISABLE KEYS */;
INSERT INTO `routers` VALUES ('767bd7be3fd547e383ab3a3887d0de1b','50ae0f92-1c44-4ed5-8452-58d06b0da4e4','cloudify-manager-management-public-router','ACTIVE',1,'cba99edf-2102-4e33-ace0-b9aad7f289b2',1),('767bd7be3fd547e383ab3a3887d0de1b','51856f8e-afaa-4e7e-ba14-4cb78852f63b','guest_router','ACTIVE',1,'2bb53b78-614e-4f21-bd50-b1612f40e95b',1),('767bd7be3fd547e383ab3a3887d0de1b','617da3bb-8008-4e42-9a71-53b884675920','private_router','ACTIVE',1,'fcf2978d-ba94-4277-9b02-e97813b717c8',1),('1b9d71a0af9240ecbab50e4be2f688df','d3de3d69-7444-49b1-bec8-827300e7829d','forbiz_private_router','ACTIVE',1,'7d0c2c95-3f0e-48dc-9173-9100579a1d4b',1);
/*!40000 ALTER TABLE `routers` ENABLE KEYS */;
UNLOCK TABLES;

--
-- Table structure for table `securitygroupportbindings`
--

DROP TABLE IF EXISTS `securitygroupportbindings`;
/*!40101 SET @saved_cs_client     = @@character_set_client */;
/*!40101 SET character_set_client = utf8 */;
CREATE TABLE `securitygroupportbindings` (
  `port_id` varchar(36) NOT NULL,
  `security_group_id` varchar(36) NOT NULL,
  PRIMARY KEY (`port_id`,`security_group_id`),
  KEY `security_group_id` (`security_group_id`),
  CONSTRAINT `securitygroupportbindings_ibfk_1` FOREIGN KEY (`port_id`) REFERENCES `ports` (`id`) ON DELETE CASCADE,
  CONSTRAINT `securitygroupportbindings_ibfk_2` FOREIGN KEY (`security_group_id`) REFERENCES `securitygroups` (`id`)
) ENGINE=InnoDB DEFAULT CHARSET=utf8;
/*!40101 SET character_set_client = @saved_cs_client */;

--
-- Dumping data for table `securitygroupportbindings`
--

LOCK TABLES `securitygroupportbindings` WRITE;
/*!40000 ALTER TABLE `securitygroupportbindings` DISABLE KEYS */;
INSERT INTO `securitygroupportbindings` VALUES ('02697538-056d-4de3-899a-40daedc0ecb7','1d76f8f2-5a66-421d-beb5-f90997e0ce7a'),('1381ab53-155c-4cc7-93fc-3dbacd27b793','1d76f8f2-5a66-421d-beb5-f90997e0ce7a'),('18e8cf70-5799-4230-99bb-93ab24528130','1d76f8f2-5a66-421d-beb5-f90997e0ce7a'),('1f87d1d1-9427-4bc7-957c-52ea74fc587b','1d76f8f2-5a66-421d-beb5-f90997e0ce7a'),('204b217f-7f31-4764-810d-0f970419f1f8','1d76f8f2-5a66-421d-beb5-f90997e0ce7a'),('20b4bfff-9e87-444d-b107-173b47e83c13','1d76f8f2-5a66-421d-beb5-f90997e0ce7a'),('324871e8-5613-4123-bcd2-ff8123e04e49','1d76f8f2-5a66-421d-beb5-f90997e0ce7a'),('34517f5a-d112-4bfe-8688-4b20dce99c69','1d76f8f2-5a66-421d-beb5-f90997e0ce7a'),('6a3bb680-a4d4-45f1-9055-0c1b0c4e0ca7','1d76f8f2-5a66-421d-beb5-f90997e0ce7a'),('6a7b404d-abb7-4710-9ec3-fe996bce2e6e','1d76f8f2-5a66-421d-beb5-f90997e0ce7a'),('6bb43af8-5d8e-41ae-8865-f82d7d9ec53d','1d76f8f2-5a66-421d-beb5-f90997e0ce7a'),('71a08eed-7c22-4412-bab8-27810d731a36','1d76f8f2-5a66-421d-beb5-f90997e0ce7a'),('765d9faf-ec1a-4cd5-adcc-4d60414f7690','1d76f8f2-5a66-421d-beb5-f90997e0ce7a'),('7f848742-6b8e-4d35-b0ff-3b8e93ef38c4','1d76f8f2-5a66-421d-beb5-f90997e0ce7a'),('8c185a21-bb99-47b3-ab53-cd98728a93a1','1d76f8f2-5a66-421d-beb5-f90997e0ce7a'),('9f519c4d-9376-4599-97af-5bbbef2eb4af','1d76f8f2-5a66-421d-beb5-f90997e0ce7a'),('b9bf7f28-4279-4681-83e1-429ab939a47d','1d76f8f2-5a66-421d-beb5-f90997e0ce7a'),('c881907d-f5ab-4111-8c0a-79292dea5713','1d76f8f2-5a66-421d-beb5-f90997e0ce7a'),('ce125d11-7cb1-4d06-bb23-72deb84d3df7','1d76f8f2-5a66-421d-beb5-f90997e0ce7a'),('d4819df5-60ec-4f03-9084-8da6b4ac0659','1d76f8f2-5a66-421d-beb5-f90997e0ce7a'),('e9ac345f-5d45-4b51-b67b-dbd1bd83587c','1d76f8f2-5a66-421d-beb5-f90997e0ce7a'),('71cc0ff6-2d53-4b75-9ec9-b7bcaec4fbee','2e64e799-d0fb-49ce-9793-066a7b6aa3cd'),('bc30d6a5-804d-4b08-8762-af039a567b39','45c80fcb-a9d2-465d-aa11-2c50b5faf902'),('71cc0ff6-2d53-4b75-9ec9-b7bcaec4fbee','5cd151b1-2720-4111-9731-d5b926208f97'),('16dd87e8-9453-4fbd-994d-0ec9140bc4bb','cb21f047-d573-4121-aed1-ea6d55c96969'),('29aae7c5-f8c9-488e-b331-b0e06c3c65ac','cb21f047-d573-4121-aed1-ea6d55c96969');
/*!40000 ALTER TABLE `securitygroupportbindings` ENABLE KEYS */;
UNLOCK TABLES;

--
-- Table structure for table `securitygrouprules`
--

DROP TABLE IF EXISTS `securitygrouprules`;
/*!40101 SET @saved_cs_client     = @@character_set_client */;
/*!40101 SET character_set_client = utf8 */;
CREATE TABLE `securitygrouprules` (
  `tenant_id` varchar(255) DEFAULT NULL,
  `id` varchar(36) NOT NULL,
  `security_group_id` varchar(36) NOT NULL,
  `remote_group_id` varchar(36) DEFAULT NULL,
  `direction` enum('ingress','egress') DEFAULT NULL,
  `ethertype` varchar(40) DEFAULT NULL,
  `protocol` varchar(40) DEFAULT NULL,
  `port_range_min` int(11) DEFAULT NULL,
  `port_range_max` int(11) DEFAULT NULL,
  `remote_ip_prefix` varchar(255) DEFAULT NULL,
  PRIMARY KEY (`id`),
  KEY `security_group_id` (`security_group_id`),
  KEY `remote_group_id` (`remote_group_id`),
  CONSTRAINT `securitygrouprules_ibfk_1` FOREIGN KEY (`security_group_id`) REFERENCES `securitygroups` (`id`) ON DELETE CASCADE,
  CONSTRAINT `securitygrouprules_ibfk_2` FOREIGN KEY (`remote_group_id`) REFERENCES `securitygroups` (`id`) ON DELETE CASCADE
) ENGINE=InnoDB DEFAULT CHARSET=utf8;
/*!40101 SET character_set_client = @saved_cs_client */;

--
-- Dumping data for table `securitygrouprules`
--

LOCK TABLES `securitygrouprules` WRITE;
/*!40000 ALTER TABLE `securitygrouprules` DISABLE KEYS */;
INSERT INTO `securitygrouprules` VALUES ('1b9d71a0af9240ecbab50e4be2f688df','0035cebb-5e21-4602-bb68-05cf01526306','cb21f047-d573-4121-aed1-ea6d55c96969','cb21f047-d573-4121-aed1-ea6d55c96969','ingress','IPv4',NULL,NULL,NULL,NULL),('767bd7be3fd547e383ab3a3887d0de1b','023ce2ed-a36d-4959-9fec-7f15792aace5','f9693e62-b519-40f9-ab87-3fbef13a5abc','2e64e799-d0fb-49ce-9793-066a7b6aa3cd','ingress','IPv4','tcp',7002,7002,NULL),('1b9d71a0af9240ecbab50e4be2f688df','088c8904-aa80-45ce-bac3-4bbd679ea0f0','cb21f047-d573-4121-aed1-ea6d55c96969','cb21f047-d573-4121-aed1-ea6d55c96969','ingress','IPv6',NULL,NULL,NULL,NULL),('767bd7be3fd547e383ab3a3887d0de1b','0e18673f-964f-49ac-a662-658c3b928466','f9693e62-b519-40f9-ab87-3fbef13a5abc','2e64e799-d0fb-49ce-9793-066a7b6aa3cd','ingress','IPv4','tcp',7001,7001,NULL),('767bd7be3fd547e383ab3a3887d0de1b','0eaa13cc-e70d-4d05-a54c-68f806265865','5cd151b1-2720-4111-9731-d5b926208f97',NULL,'ingress','IPv4','tcp',22,22,'0.0.0.0/0'),('767bd7be3fd547e383ab3a3887d0de1b','1660a1f9-651a-4a76-9d46-4bf8d5bd08bc','1d76f8f2-5a66-421d-beb5-f90997e0ce7a','1d76f8f2-5a66-421d-beb5-f90997e0ce7a','ingress','IPv4','icmp',NULL,NULL,NULL),('767bd7be3fd547e383ab3a3887d0de1b','221c5b1f-7fe3-4cc5-bd37-7547ad8b65cb','1d76f8f2-5a66-421d-beb5-f90997e0ce7a','1d76f8f2-5a66-421d-beb5-f90997e0ce7a','ingress','IPv4',NULL,NULL,NULL,NULL),('767bd7be3fd547e383ab3a3887d0de1b','245eb758-dd28-4d4e-8849-e618925c4cd0','f9693e62-b519-40f9-ab87-3fbef13a5abc',NULL,'egress','IPv6',NULL,NULL,NULL,NULL),('fb79a59b35a2485187bbc7744138879f','250394ba-e967-4bb9-bf53-4fc9542b3030','cfa64a6a-b8d8-4f18-83c7-48068501d088',NULL,'egress','IPv6',NULL,NULL,NULL,NULL),('1b9d71a0af9240ecbab50e4be2f688df','291de905-54f3-40ef-8832-a6b9cce2f37a','cb21f047-d573-4121-aed1-ea6d55c96969',NULL,'egress','IPv6',NULL,NULL,NULL,NULL),('767bd7be3fd547e383ab3a3887d0de1b','2bdb2d2c-3756-4611-994b-8cb1f5f139d7','1d76f8f2-5a66-421d-beb5-f90997e0ce7a',NULL,'ingress','IPv4','tcp',22,22,'0.0.0.0/0'),('767bd7be3fd547e383ab3a3887d0de1b','2c922d34-bd8e-44d6-84f0-951350edb6fb','5cd151b1-2720-4111-9731-d5b926208f97',NULL,'ingress','IPv4','tcp',8100,8100,'0.0.0.0/0'),('767bd7be3fd547e383ab3a3887d0de1b','34657d43-8bc3-492a-8eb5-563f499332cc','5cd151b1-2720-4111-9731-d5b926208f97',NULL,'egress','IPv4',NULL,NULL,NULL,NULL),('03b3b519ea57439ca41b30eb8b7e49ec','3cd0136a-00fc-4b0b-8f63-29e86e92e736','4fe0c426-9832-41ed-91fa-c04787f44686',NULL,'egress','IPv6',NULL,NULL,NULL,NULL),('767bd7be3fd547e383ab3a3887d0de1b','4046cf6d-fad7-49e4-83e7-100679228301','a6d2f868-940f-4b99-a290-d7c41877a76e',NULL,'egress','IPv4',NULL,NULL,NULL,NULL),('767bd7be3fd547e383ab3a3887d0de1b','4cc1e2c0-98c7-454d-8946-8ed5fd0f0bf4','f9693e62-b519-40f9-ab87-3fbef13a5abc','2e64e799-d0fb-49ce-9793-066a7b6aa3cd','ingress','IPv4','tcp',7000,7000,NULL),('1b9d71a0af9240ecbab50e4be2f688df','4d76028a-3629-4593-9b32-dd5712eec2d2','cb21f047-d573-4121-aed1-ea6d55c96969',NULL,'egress','IPv4',NULL,NULL,NULL,NULL),('c473c0e717c44420a5f02743d89790d4','52bdf968-2784-4332-9a0f-8a5fc9b4eabf','45c80fcb-a9d2-465d-aa11-2c50b5faf902','45c80fcb-a9d2-465d-aa11-2c50b5faf902','ingress','IPv4',NULL,NULL,NULL,NULL),('767bd7be3fd547e383ab3a3887d0de1b','54183a96-0d16-4fa5-8c7a-c99e853dfb47','5cd151b1-2720-4111-9731-d5b926208f97',NULL,'egress','IPv6',NULL,NULL,NULL,NULL),('767bd7be3fd547e383ab3a3887d0de1b','542157f8-403a-46d7-bc6a-aaf07f323641','5cd151b1-2720-4111-9731-d5b926208f97','2e64e799-d0fb-49ce-9793-066a7b6aa3cd','ingress','IPv4','tcp',6666,6666,NULL),('767bd7be3fd547e383ab3a3887d0de1b','54a887a3-0abb-4a1e-a19f-08faee9b1df4','5cd151b1-2720-4111-9731-d5b926208f97','2e64e799-d0fb-49ce-9793-066a7b6aa3cd','ingress','IPv4','tcp',7003,7003,NULL),('03b3b519ea57439ca41b30eb8b7e49ec','5ad9546f-268c-4312-a7e4-67d67ac0ec60','4fe0c426-9832-41ed-91fa-c04787f44686','4fe0c426-9832-41ed-91fa-c04787f44686','ingress','IPv6',NULL,NULL,NULL,NULL),('767bd7be3fd547e383ab3a3887d0de1b','6ae95c6b-2e1b-4cc6-81c3-732b8fad01d9','5cd151b1-2720-4111-9731-d5b926208f97',NULL,'ingress','IPv4','tcp',8099,8099,'0.0.0.0/0'),('a32ff0c46e0c47509d7b36c5b5eee9cf','6b51497f-d80b-41c0-bd7a-9c393503034c','0c43bf8e-8577-4862-8698-d9c5107511c2',NULL,'egress','IPv4',NULL,NULL,NULL,NULL),('767bd7be3fd547e383ab3a3887d0de1b','71ddd160-d732-4238-8a41-c485e0807051','5cd151b1-2720-4111-9731-d5b926208f97','2e64e799-d0fb-49ce-9793-066a7b6aa3cd','ingress','IPv4','tcp',7000,7000,NULL),('fb79a59b35a2485187bbc7744138879f','7632f77e-f6b8-4ffe-8162-08896eb5d642','89a1523e-b9e8-4a6b-b1dd-726e5e1fbebe',NULL,'egress','IPv4',NULL,NULL,NULL,NULL),('767bd7be3fd547e383ab3a3887d0de1b','779936b5-4618-4d54-8f57-408f9912e946','f9693e62-b519-40f9-ab87-3fbef13a5abc',NULL,'egress','IPv4',NULL,NULL,NULL,NULL),('767bd7be3fd547e383ab3a3887d0de1b','786799b5-e092-4206-99c5-32f029da9146','2e64e799-d0fb-49ce-9793-066a7b6aa3cd',NULL,'egress','IPv6',NULL,NULL,NULL,NULL),('f31160132d5a438e8b519ab053c271af','7ce40461-57e7-45bc-9af4-9098f8dc5a0b','9030bdcc-b5e5-481b-84a2-23e380f9a534','9030bdcc-b5e5-481b-84a2-23e380f9a534','ingress','IPv6',NULL,NULL,NULL,NULL),('767bd7be3fd547e383ab3a3887d0de1b','852bee54-ef09-4284-a44b-3a21232c1e87','f9693e62-b519-40f9-ab87-3fbef13a5abc','2e64e799-d0fb-49ce-9793-066a7b6aa3cd','ingress','IPv4','tcp',7010,7110,NULL),('767bd7be3fd547e383ab3a3887d0de1b','8c3e7638-64af-467b-a16b-9baf75a128d7','1d76f8f2-5a66-421d-beb5-f90997e0ce7a',NULL,'ingress','IPv4','icmp',NULL,NULL,'0.0.0.0/0'),('767bd7be3fd547e383ab3a3887d0de1b','8c6a9857-05b2-4120-ae88-5c45c90c82f1','a6d2f868-940f-4b99-a290-d7c41877a76e',NULL,'egress','IPv6',NULL,NULL,NULL,NULL),('a32ff0c46e0c47509d7b36c5b5eee9cf','8e2e3fa9-646a-4ccd-8113-521ca5b0e3b9','0c43bf8e-8577-4862-8698-d9c5107511c2','0c43bf8e-8577-4862-8698-d9c5107511c2','ingress','IPv4',NULL,NULL,NULL,NULL),('767bd7be3fd547e383ab3a3887d0de1b','8ef9d959-a186-42f9-b614-61fd0fd43142','5cd151b1-2720-4111-9731-d5b926208f97','2e64e799-d0fb-49ce-9793-066a7b6aa3cd','ingress','IPv4','tcp',7010,7110,NULL),('767bd7be3fd547e383ab3a3887d0de1b','9291e3f0-edf1-4462-beb6-05caf4a5715f','1d76f8f2-5a66-421d-beb5-f90997e0ce7a',NULL,'ingress','IPv4','tcp',5001,5001,'0.0.0.0/0'),('fb79a59b35a2485187bbc7744138879f','96a7dc71-1b6d-4589-9dbd-6d2e356cf1af','89a1523e-b9e8-4a6b-b1dd-726e5e1fbebe',NULL,'egress','IPv6',NULL,NULL,NULL,NULL),('fb79a59b35a2485187bbc7744138879f','9747f017-885e-49a2-902f-fe0c2f4e2804','cfa64a6a-b8d8-4f18-83c7-48068501d088',NULL,'egress','IPv4',NULL,NULL,NULL,NULL),('f31160132d5a438e8b519ab053c271af','9c9d6d81-b16c-410c-80ec-d004365a6cba','9030bdcc-b5e5-481b-84a2-23e380f9a534',NULL,'egress','IPv6',NULL,NULL,NULL,NULL),('a32ff0c46e0c47509d7b36c5b5eee9cf','a293fc82-e615-4647-a11d-d8a473c18a8d','0c43bf8e-8577-4862-8698-d9c5107511c2',NULL,'ingress','IPv4','icmp',NULL,NULL,'0.0.0.0/0'),('767bd7be3fd547e383ab3a3887d0de1b','ab754d30-857a-43cf-a13b-7d9438f0c364','1d76f8f2-5a66-421d-beb5-f90997e0ce7a','1d76f8f2-5a66-421d-beb5-f90997e0ce7a','ingress','IPv6',NULL,NULL,NULL,NULL),('767bd7be3fd547e383ab3a3887d0de1b','b0d0a495-66b6-4dc9-8e56-90cb83d010bd','1d76f8f2-5a66-421d-beb5-f90997e0ce7a',NULL,'ingress','IPv4','tcp',10443,10443,'0.0.0.0/0'),('a32ff0c46e0c47509d7b36c5b5eee9cf','b9ad37c1-ad83-4307-8da8-71021529c84b','0c43bf8e-8577-4862-8698-d9c5107511c2',NULL,'egress','IPv6',NULL,NULL,NULL,NULL),('f31160132d5a438e8b519ab053c271af','b9f195c5-4653-456d-85b0-7c6befe19e50','9030bdcc-b5e5-481b-84a2-23e380f9a534','9030bdcc-b5e5-481b-84a2-23e380f9a534','ingress','IPv4',NULL,NULL,NULL,NULL),('767bd7be3fd547e383ab3a3887d0de1b','c8a19f12-dd6d-43c0-be32-4085b4aeeb07','5cd151b1-2720-4111-9731-d5b926208f97','2e64e799-d0fb-49ce-9793-066a7b6aa3cd','ingress','IPv4','tcp',7001,7001,NULL),('1b9d71a0af9240ecbab50e4be2f688df','cf7096a4-1123-45c5-bf12-b984b36c408c','cb21f047-d573-4121-aed1-ea6d55c96969',NULL,'ingress','IPv4','icmp',NULL,NULL,'0.0.0.0/0'),('1b9d71a0af9240ecbab50e4be2f688df','d0c7750a-fe7e-4f87-8898-0c39d8864b44','cb21f047-d573-4121-aed1-ea6d55c96969',NULL,'ingress','IPv4','tcp',22,22,'0.0.0.0/0'),('767bd7be3fd547e383ab3a3887d0de1b','d83318c7-b786-471e-aeae-71795c0aae99','2e64e799-d0fb-49ce-9793-066a7b6aa3cd',NULL,'egress','IPv4',NULL,NULL,NULL,NULL),('03b3b519ea57439ca41b30eb8b7e49ec','d9f03b04-1c59-4919-88ec-af886713a438','4fe0c426-9832-41ed-91fa-c04787f44686',NULL,'egress','IPv4',NULL,NULL,NULL,NULL),('fb79a59b35a2485187bbc7744138879f','dcd2d45c-c65e-4dc2-b974-2cd03983449c','cfa64a6a-b8d8-4f18-83c7-48068501d088','cfa64a6a-b8d8-4f18-83c7-48068501d088','ingress','IPv6',NULL,NULL,NULL,NULL),('a32ff0c46e0c47509d7b36c5b5eee9cf','dda71333-bd9c-4c80-a531-231fb533a77d','0c43bf8e-8577-4862-8698-d9c5107511c2','0c43bf8e-8577-4862-8698-d9c5107511c2','ingress','IPv6',NULL,NULL,NULL,NULL),('03b3b519ea57439ca41b30eb8b7e49ec','de2a80e7-1076-4ac5-b098-54400ac964e8','4fe0c426-9832-41ed-91fa-c04787f44686','4fe0c426-9832-41ed-91fa-c04787f44686','ingress','IPv4',NULL,NULL,NULL,NULL),('767bd7be3fd547e383ab3a3887d0de1b','e3ce7024-2f2d-4b34-95a4-4b2d4d3de5eb','5cd151b1-2720-4111-9731-d5b926208f97','2e64e799-d0fb-49ce-9793-066a7b6aa3cd','ingress','IPv4','tcp',4174,4174,NULL),('a32ff0c46e0c47509d7b36c5b5eee9cf','e8f50d6a-2e61-4d08-89b8-0153c6521cb7','0c43bf8e-8577-4862-8698-d9c5107511c2',NULL,'ingress','IPv4','tcp',22,22,'0.0.0.0/0'),('767bd7be3fd547e383ab3a3887d0de1b','e9771a77-25de-491d-8cdb-e34657bdded8','5cd151b1-2720-4111-9731-d5b926208f97','2e64e799-d0fb-49ce-9793-066a7b6aa3cd','ingress','IPv4','tcp',7002,7002,NULL),('767bd7be3fd547e383ab3a3887d0de1b','ece903ba-1898-4842-b1dd-bdd8e78affe1','1d76f8f2-5a66-421d-beb5-f90997e0ce7a',NULL,'ingress','IPv4','tcp',1,65535,'0.0.0.0/0'),('c473c0e717c44420a5f02743d89790d4','ee93edd4-468a-4502-a1c2-f28344a9e6ea','45c80fcb-a9d2-465d-aa11-2c50b5faf902',NULL,'egress','IPv4',NULL,NULL,NULL,NULL),('c473c0e717c44420a5f02743d89790d4','eeb278da-8579-4f62-ae96-0c9b2bc78ba5','45c80fcb-a9d2-465d-aa11-2c50b5faf902',NULL,'egress','IPv6',NULL,NULL,NULL,NULL),('fb79a59b35a2485187bbc7744138879f','f090d3b7-61ae-40ab-ab6d-ac229ecf1456','cfa64a6a-b8d8-4f18-83c7-48068501d088','cfa64a6a-b8d8-4f18-83c7-48068501d088','ingress','IPv4',NULL,NULL,NULL,NULL),('c473c0e717c44420a5f02743d89790d4','f25d90c7-1662-4639-b825-89515cd75333','45c80fcb-a9d2-465d-aa11-2c50b5faf902','45c80fcb-a9d2-465d-aa11-2c50b5faf902','ingress','IPv6',NULL,NULL,NULL,NULL),('767bd7be3fd547e383ab3a3887d0de1b','f351fe81-bfe3-48dd-be17-88e37637415c','1d76f8f2-5a66-421d-beb5-f90997e0ce7a',NULL,'egress','IPv4',NULL,NULL,NULL,NULL),('f31160132d5a438e8b519ab053c271af','f6d0632b-a0af-4177-b4e2-ab62dbe38481','9030bdcc-b5e5-481b-84a2-23e380f9a534',NULL,'egress','IPv4',NULL,NULL,NULL,NULL),('767bd7be3fd547e383ab3a3887d0de1b','fb3c1e42-453f-4f7a-b130-b1de34bffb0e','1d76f8f2-5a66-421d-beb5-f90997e0ce7a','1d76f8f2-5a66-421d-beb5-f90997e0ce7a','ingress','IPv4','tcp',1,65535,NULL);
/*!40000 ALTER TABLE `securitygrouprules` ENABLE KEYS */;
UNLOCK TABLES;

--
-- Table structure for table `securitygroups`
--

DROP TABLE IF EXISTS `securitygroups`;
/*!40101 SET @saved_cs_client     = @@character_set_client */;
/*!40101 SET character_set_client = utf8 */;
CREATE TABLE `securitygroups` (
  `tenant_id` varchar(255) DEFAULT NULL,
  `id` varchar(36) NOT NULL,
  `name` varchar(255) DEFAULT NULL,
  `description` varchar(255) DEFAULT NULL,
  PRIMARY KEY (`id`)
) ENGINE=InnoDB DEFAULT CHARSET=utf8;
/*!40101 SET character_set_client = @saved_cs_client */;

--
-- Dumping data for table `securitygroups`
--

LOCK TABLES `securitygroups` WRITE;
/*!40000 ALTER TABLE `securitygroups` DISABLE KEYS */;
INSERT INTO `securitygroups` VALUES ('a32ff0c46e0c47509d7b36c5b5eee9cf','0c43bf8e-8577-4862-8698-d9c5107511c2','default','default'),('767bd7be3fd547e383ab3a3887d0de1b','1d76f8f2-5a66-421d-beb5-f90997e0ce7a','default','default'),('767bd7be3fd547e383ab3a3887d0de1b','2e64e799-d0fb-49ce-9793-066a7b6aa3cd','cloudify-manager-cluster','Security groups cloudify-manager-cluster'),('c473c0e717c44420a5f02743d89790d4','45c80fcb-a9d2-465d-aa11-2c50b5faf902','default','default'),('03b3b519ea57439ca41b30eb8b7e49ec','4fe0c426-9832-41ed-91fa-c04787f44686','default','default'),('767bd7be3fd547e383ab3a3887d0de1b','5cd151b1-2720-4111-9731-d5b926208f97','cloudify-manager-management','Security groups cloudify-manager-management'),('fb79a59b35a2485187bbc7744138879f','89a1523e-b9e8-4a6b-b1dd-726e5e1fbebe','test_secgroup','test_secgroup description'),('f31160132d5a438e8b519ab053c271af','9030bdcc-b5e5-481b-84a2-23e380f9a534','default','default'),('767bd7be3fd547e383ab3a3887d0de1b','a6d2f868-940f-4b99-a290-d7c41877a76e','test_secgroup','test_secgroup description'),('1b9d71a0af9240ecbab50e4be2f688df','cb21f047-d573-4121-aed1-ea6d55c96969','default','default'),('fb79a59b35a2485187bbc7744138879f','cfa64a6a-b8d8-4f18-83c7-48068501d088','default','default'),('767bd7be3fd547e383ab3a3887d0de1b','f9693e62-b519-40f9-ab87-3fbef13a5abc','cloudify-manager-agent','Security groups cloudify-manager-agent');
/*!40000 ALTER TABLE `securitygroups` ENABLE KEYS */;
UNLOCK TABLES;

--
-- Table structure for table `subnetroutes`
--

DROP TABLE IF EXISTS `subnetroutes`;
/*!40101 SET @saved_cs_client     = @@character_set_client */;
/*!40101 SET character_set_client = utf8 */;
CREATE TABLE `subnetroutes` (
  `destination` varchar(64) NOT NULL,
  `nexthop` varchar(64) NOT NULL,
  `subnet_id` varchar(36) NOT NULL,
  PRIMARY KEY (`destination`,`nexthop`,`subnet_id`),
  KEY `subnet_id` (`subnet_id`),
  CONSTRAINT `subnetroutes_ibfk_1` FOREIGN KEY (`subnet_id`) REFERENCES `subnets` (`id`) ON DELETE CASCADE
) ENGINE=InnoDB DEFAULT CHARSET=utf8;
/*!40101 SET character_set_client = @saved_cs_client */;

--
-- Dumping data for table `subnetroutes`
--

LOCK TABLES `subnetroutes` WRITE;
/*!40000 ALTER TABLE `subnetroutes` DISABLE KEYS */;
INSERT INTO `subnetroutes` VALUES ('0.0.0.0/0','177.86.0.111','7cb3a53a-09d2-48bd-9051-dfa7fafe7adc');
/*!40000 ALTER TABLE `subnetroutes` ENABLE KEYS */;
UNLOCK TABLES;

--
-- Table structure for table `subnets`
--

DROP TABLE IF EXISTS `subnets`;
/*!40101 SET @saved_cs_client     = @@character_set_client */;
/*!40101 SET character_set_client = utf8 */;
CREATE TABLE `subnets` (
  `tenant_id` varchar(255) DEFAULT NULL,
  `id` varchar(36) NOT NULL,
  `name` varchar(255) DEFAULT NULL,
  `network_id` varchar(36) DEFAULT NULL,
  `ip_version` int(11) NOT NULL,
  `cidr` varchar(64) NOT NULL,
  `gateway_ip` varchar(64) DEFAULT NULL,
  `enable_dhcp` tinyint(1) DEFAULT NULL,
  `shared` tinyint(1) DEFAULT NULL,
  PRIMARY KEY (`id`),
  KEY `network_id` (`network_id`),
  CONSTRAINT `subnets_ibfk_1` FOREIGN KEY (`network_id`) REFERENCES `networks` (`id`)
) ENGINE=InnoDB DEFAULT CHARSET=utf8;
/*!40101 SET character_set_client = @saved_cs_client */;

--
-- Dumping data for table `subnets`
--

LOCK TABLES `subnets` WRITE;
/*!40000 ALTER TABLE `subnets` DISABLE KEYS */;
INSERT INTO `subnets` VALUES ('1b9d71a0af9240ecbab50e4be2f688df','02b1e8fc-ae9f-4bf1-b4bd-e6eedbe191b6','forbiz_private_subnetwork','afd6ba0c-ff4c-43a1-b18d-393ccb93a7cc',4,'10.10.10.0/24','10.10.10.1',1,0),('767bd7be3fd547e383ab3a3887d0de1b','0c069851-5112-42e2-81c8-65798f821d59','osub','b2a3440f-2518-4022-9cf7-d99d8ad498dc',4,'192.168.0.224/27',NULL,0,0),('767bd7be3fd547e383ab3a3887d0de1b','16b52585-4f45-4b4f-bc65-aef4d592b6c8','green_vlan1_subnet','8b0be953-e4b0-4397-af29-9a377b5330d1',4,'192.168.0.0/25','192.168.0.1',0,0),('767bd7be3fd547e383ab3a3887d0de1b','16ef1091-b13f-48a8-b9c7-3a592d83141d','orange_vlan1_subnet','24aee268-b01b-47f5-b152-db59d0f15ba2',4,'192.168.0.128/25','192.168.0.129',0,0),('767bd7be3fd547e383ab3a3887d0de1b','4b14733d-7384-4c9e-b310-25200a0d11ee','red_shared_public_subnet','cd0eee5d-a9a6-4e4a-bf13-35ff02bca831',4,'221.145.180.64/26','221.145.180.65',0,1),('767bd7be3fd547e383ab3a3887d0de1b','7cb3a53a-09d2-48bd-9051-dfa7fafe7adc','Cloudify-Management-Subnet','7ef77432-45c5-46b4-b22a-5afda4a634fc',4,'177.86.0.0/24','177.86.0.111',1,0),('767bd7be3fd547e383ab3a3887d0de1b','8a5223a3-c714-4b46-8e88-66777e4b1060','guest_subnetwork','491f736e-330a-44f7-afd8-ea75e38c938e',4,'10.10.10.0/24','10.10.10.1',1,0),('767bd7be3fd547e383ab3a3887d0de1b','a0c797c5-7561-4afe-ab25-08b0fdaae6ba','gsub','71939e64-ed97-4fda-b21c-4b6491d681cf',4,'192.168.0.0/24',NULL,0,0),('767bd7be3fd547e383ab3a3887d0de1b','a5ca1206-6442-4341-b8fa-9e311be755e1','private_subnetwork','d38007f0-7508-480c-bef6-94eb56fc995f',4,'10.10.10.0/24','10.10.10.1',1,0),('767bd7be3fd547e383ab3a3887d0de1b','c5ec6d71-dd42-4838-8cbd-287d0d50a270','public_subnet','1182541b-eaf7-4791-8b1d-6c7378d4e97a',4,'221.145.180.64/26','221.145.180.65',0,1);
/*!40000 ALTER TABLE `subnets` ENABLE KEYS */;
UNLOCK TABLES;
/*!40103 SET TIME_ZONE=@OLD_TIME_ZONE */;

/*!40101 SET SQL_MODE=@OLD_SQL_MODE */;
/*!40014 SET FOREIGN_KEY_CHECKS=@OLD_FOREIGN_KEY_CHECKS */;
/*!40014 SET UNIQUE_CHECKS=@OLD_UNIQUE_CHECKS */;
/*!40101 SET CHARACTER_SET_CLIENT=@OLD_CHARACTER_SET_CLIENT */;
/*!40101 SET CHARACTER_SET_RESULTS=@OLD_CHARACTER_SET_RESULTS */;
/*!40101 SET COLLATION_CONNECTION=@OLD_COLLATION_CONNECTION */;
/*!40111 SET SQL_NOTES=@OLD_SQL_NOTES */;

-- Dump completed on 2014-09-29  1:15:36
